"";"region";"city";"street";"latitude";"longitude"
"1";"Новосибирская";"Новосибирск";"Ленина";"55.0281016";"82.9210575"
"2";"Свердловская";"Екатеринбург";"Ленина";"56.8386326";"60.6054887"
"3";"Нижегородская";"Нижний Новгород";"Ленина";"56.3242093";"44.0053948"
"4";"Нижегородская";"Н.Новгород";"Ленина";"56.3242093";"44.0053948"
"5";"Татарстан";"Казань";"Ленина";"55.7943877";"49.1115312"
"6";"Самарская";"Самара";"Ленина";"53.1951657";"50.1067691"
"7";"Омская";"Омск";"Ленина";"54.9848136";"73.3674638"
"8";"Челябинская";"Челябинск";"Ленина";"55.1603659";"61.4007858"
"9";"Ростовская";"Ростов-на-Дону";"Ленина";"47.2224364";"39.7187866"
"10";"Башкортостан";"Уфа";"Ленина";"54.734853";"55.9578647"
"11";"Волгоградская";"Волгоград";"Ленина";"48.7072005";"44.5170207"
"12";"Пермский";"Пермь";"Ленина";"58.0103211";"56.2341778"
"13";"Красноярский";"Красноярск";"Ленина";"56.009466";"92.8524162"
"14";"Воронежская";"Воронеж";"Ленина";"51.6592378";"39.1968284"
"15";"Саратовская";"Саратов";"Ленина";"51.530376";"45.9530257"
"16";"Краснодарский";"Краснодар";"Ленина";"45.040235";"38.9760801"
"17";"Самарская";"Тольятти";"Ленина";"53.5206438";"49.389461"
"18";"Алтайский";"Барнаул";"Ленина";"53.3481145";"83.7798362"
"19";"Удмуртская";"Ижевск";"Ленина";"56.8527444";"53.2113961"
"20";"Ульяновская";"Ульяновск";"Ленина";"54.3080674";"48.3748717"
"21";"Приморский";"Владивосток";"Ленина";"43.1163807";"131.882348"
"22";"Ярославская";"Ярославль";"Ленина";"57.6216145";"39.897878"
"23";"Иркутская";"Иркутск";"Ленина";"52.2863513";"104.280655"
"24";"Тюменская";"Тюмень";"Ленина";"57.1530824";"65.5343118"
"25";"Дагестан";"Махачкала";"Ленина";"42.9848572";"47.5046303"
"26";"Хабаровский";"Хабаровск";"Ленина";"48.4647991";"135.0598811"
"27";"Оренбургская";"Оренбург";"Ленина";"51.7875191";"55.1017379"
"28";"Кемеровская";"Новокузнецк";"Ленина";"53.7942757";"87.2144046"
"29";"Кемеровская";"Кемерово";"Ленина";"55.3909721";"86.0467864"
"30";"Рязанская";"Рязань";"Ленина";"54.625457";"39.7359992"
"31";"Томская";"Томск";"Ленина";"56.4847036";"84.9481737"
"32";"Астраханская";"Астрахань";"Ленина";"46.3655808";"48.0559979"
"33";"Пензенская";"Пенза";"Ленина";"53.1753884";"45.0347408"
"34";"Татарстан";"Набережные";"Ленина";"55.7436475";"52.3958739"
"35";"Ленинградская";"Кировск";"Ленина";"59.875371";"30.9815205"
"36";"Липецкая";"Липецк";"Ленина";"52.6103027";"39.5946266"
"37";"Свердловская";"Кировград";"Ленина";"57.4298451";"60.0623588"
"38";"Кировская";"Кирово-Чепецк";"Ленина";"58.5559921";"50.0317608"
"39";"Тульская";"Тула";"Ленина";"54.192017";"37.6153885"
"40";"Кировская";"Киров";"Ленина";"58.6035313";"49.6679219"
"41";"Чувашская Республика";"Чебоксары";"Ленина";"56.1439378";"47.2488718"
"42";"Бурятия";"Улан-Удэ";"Ленина";"51.8334378";"107.5841511"
"43";"Калининградская";"Калининград";"Ленина";"54.7073218";"20.5072458"
"44";"Брянская";"Брянск";"Ленина";"53.2420071";"34.3652716"
"45";"Курская";"Курск";"Ленина";"51.7303391";"36.1926448"
"46";"Ивановская";"Иваново";"Ленина";"56.9994677";"40.9728231"
"47";"Челябинская";"Магнитогорск";"Ленина";"53.4071891";"58.9791432"
"48";"Тверская";"Тверь";"Ленина";"56.8585396";"35.9117898"
"49";"Ставропольский";"Ставрополь";"Ленина";"45.0445439";"41.9690168"
"50";"Крым";"Симферополь";"Ленина";"44.9482645";"34.100117"
"51";"Свердловская";"Нижний Тагил";"Ленина";"57.9101038";"59.9813242"
"52";"Белгородская";"Белгород";"Ленина";"50.5977351";"36.5858236"
"53";"Архангельская";"Архангельск";"Ленина";"64.5392985";"40.5170083"
"54";"Владимирская";"Владимир";"Ленина";"56.1281561";"40.4082995"
"55";"Севастополь";"Севастополь";"Ленина";"44.6167334";"33.5253552"
"56";"Краснодарский";"Сочи";"Ленина";"43.5855829";"39.7231419"
"57";"Курганская";"Курган";"Ленина";"55.4443448";"65.3161339"
"58";"Смоленская";"Смоленск";"Ленина";"54.7867168";"31.8153366"
"59";"Калужская";"Калуга";"Ленина";"54.5060439";"36.2515933"
"60";"Забайкальский";"Чита";"Ленина";"52.0340128";"113.4994884"
"61";"Марий Эл";"Волжск";"Ленина";"55.8622987";"48.371553"
"62";"Орловская";"Орёл";"Ленина";"52.9672573";"36.0696479"
"63";"Орловская";"Орел";"Ленина";"52.9672573";"36.0696479"
"64";"Волгоградская";"Волжский";"Ленина";"48.7978483";"44.7462417"
"65";"Вологодская";"Череповец";"Ленина";"59.1269214";"37.9092243"
"66";"Северная Осетия - Алания";"Владикавказ";"Ленина";"43.0205039";"44.6819383"
"67";"Мурманская";"Мурманск";"Ленина";"69.0076958";"33.0686019"
"68";"Ханты-Мансийский Автономный округ - Югра";"Сургут";"Ленина";"61.2539773";"73.3961726"
"69";"Вологодская";"Вологда";"Ленина";"59.2484186";"39.8356461"
"70";"Мордовия";"Саранск";"Ленина";"54.1807601";"45.1862263"
"71";"Тамбовская";"Тамбов";"Ленина";"52.7213021";"41.452258"
"72";"Башкортостан";"Стерлитамак";"Ленина";"53.6302498";"55.9315707"
"73";"Чеченская";"Грозный";"Ленина";"43.3179243";"45.6981102"
"74";"Саха /Якутия/";"Якутск";"Ленина";"62.0280273";"129.7325717"
"75";"Костромская";"Кострома";"Ленина";"57.8029445";"40.9907282"
"76";"Хабаровский";"Комсомольск-на-Амуре";"Ленина";"50.550011";"137.0079286"
"77";"Карелия";"Петрозаводск";"Ленина";"61.78909";"34.3596263"
"78";"Ростовская";"Таганрог";"Ленина";"47.2094907";"38.935154"
"79";"Ханты-Мансийский Автономный округ - Югра";"Нижневартовск";"Ленина";"60.9397379";"76.5696206"
"80";"Марий Эл";"Йошкар-Ола";"Ленина";"56.6343763";"47.8998445"
"81";"Иркутская";"Братск";"Ленина";"56.1513951";"101.6339892"
"82";"Московская";"Дзержинский";"Ленина";"55.6241079";"37.8440691"
"83";"Краснодарский";"Новороссийск";"Ленина";"44.7234264";"37.7687218"
"84";"Нижегородская";"Дзержинск";"Ленина";"56.2376438";"43.4599363"
"85";"Казахстан";"Уральск";"Ленина";"51.14";"51.22"
"86";"Ростовская";"Шахты";"Ленина";"47.7084247";"40.2159154"
"87";"Кабардино-Балкарская";"Нальчик";"Ленина";"43.4846312";"43.6070316"
"88";"Оренбургская";"Орск";"Ленина";"51.2293069";"58.4751889"
"89";"Коми";"Сыктывкар";"Ленина";"61.668789";"50.8356491"
"90";"Татарстан";"Нижнекамск";"Ленина";"55.6311963";"51.814407"
"91";"Иркутская";"Ангарск";"Ленина";"52.5448102";"103.8885385"
"92";"Белгородская";"Старый Оскол";"Ленина";"51.2965991";"37.8349849"
"93";"Новгородская";"Великий Новгород";"Ленина";"58.5214003";"31.2755051"
"94";"Московская";"Балашиха";"Ленина";"55.7963352";"37.9381413"
"95";"Амурская";"Благовещенск";"Ленина";"50.2905935";"127.5272186"
"96";"Кемеровская";"Прокопьевск";"Ленина";"53.8604562";"86.7183428"
"97";"Московская";"Химки";"Ленина";"55.8886705";"37.4304154"
"98";"Псковская";"Псков";"Ленина";"57.819284";"28.3318188"
"99";"Алтайский";"Бийск";"Ленина";"52.5393683";"85.2138852"
"100";"Саратовская";"Энгельс";"Ленина";"51.4854893";"46.1267479"
"101";"Ярославская";"Рыбинск";"Ленина";"58.0483802";"38.858338"
"102";"Саратовская";"Балаково";"Ленина";"52.0222694";"47.7828146"
"103";"Архангельская";"Северодвинск";"Ленина";"64.56253";"39.8182715"
"104";"Краснодарский";"Армавир";"Ленина";"45.0010338";"41.132392"
"105";"Московская";"Подольск";"Ленина";"55.4389588";"37.57027"
"106";"Московская";"Королев";"Ленина";"55.9162558";"37.8545224"
"107";"Сахалинская";"Южно-Сахалинск";"Ленина";"46.959133";"142.7381252"
"108";"Камчатский";"Петропавловск-Камчатский";"Ленина";"53.0370213";"158.6559142"
"109";"Самарская";"Сызрань";"Ленина";"53.1557213";"48.4745419"
"110";"Красноярский";"Норильск";"Ленина";"69.3490828";"88.2009965"
"111";"Челябинская";"Златоуст";"Ленина";"55.1715695";"59.6726264"
"112";"Свердловская";"Каменск-Уральский";"Ленина";"56.4149095";"61.9189837"
"113";"Московская";"Мытищи";"Ленина";"55.9104647";"37.7363702"
"114";"Московская";"Люберцы";"Ленина";"55.700416";"37.9606496"
"115";"Ростовская";"Волгодонск";"Ленина";"47.5165181";"42.1984531"
"116";"Ростовская";"Новочеркасск";"Ленина";"47.4119248";"40.1042066"
"117";"Хакасия";"Абакан";"Ленина";"53.7223661";"91.4437792"
"118";"Приморский";"Находка";"Ленина";"42.8240404";"132.8927812"
"119";"Приморский";"Уссурийск";"Ленина";"43.79726";"131.9517262"
"120";"Пермский";"Березники";"Ленина";"59.4079898";"56.8040725"
"121";"Башкортостан";"Салават";"Ленина";"53.3616311";"55.9245559"
"122";"Московская";"Электросталь";"Ленина";"55.7847718";"38.4446531"
"123";"Челябинская";"Миасс";"Ленина";"55.0455774";"60.1077757"
"124";"Свердловская";"Первоуральск";"Ленина";"56.9081665";"59.9429205"
"125";"Алтайский";"Рубцовск";"Ленина";"51.5013075";"81.2077729"
"126";"Татарстан";"Альметьевск";"Ленина";"54.9013662";"52.2970654"
"127";"Владимирская";"Ковров";"Ленина";"56.3553895";"41.3169568"
"128";"Московская";"Коломна";"Ленина";"55.1027797";"38.7531734"
"129";"Крым";"Керчь";"Ленина";"45.3561128";"36.4674285"
"130";"Адыгея";"Майкоп";"Ленина";"44.6098268";"40.1006527"
"131";"Ставропольский";"Пятигорск";"Ленина";"44.0411669";"43.0661091"
"132";"Московская";"Одинцово";"Ленина";"55.6789292";"37.2636389"
"133";"Челябинская";"Копейск";"Ленина";"55.1167545";"61.6180809"
"134";"Дагестан";"Хасавюрт";"Ленина";"43.2505191";"46.5852276"
"135";"Тульская";"Новомосковск";"Ленина";"54.0109754";"38.2915652"
"136";"Ставропольский";"Кисловодск";"Ленина";"43.905235";"42.7167187"
"137";"Московская";"Серпухов";"Ленина";"54.9225396";"37.4032682"
"138";"Чувашская Республика";"Новочебоксарск";"Ленина";"56.109486";"47.4791429"
"139";"Ханты-Мансийский Автономный округ - Югра";"Нефтеюганск";"Ленина";"61.0882837";"72.6164185"
"140";"Ульяновская";"Димитровград";"Ленина";"54.2168446";"49.6261645"
"141";"Башкортостан";"Нефтекамск";"Ленина";"56.0883075";"54.2483391"
"142";"Карачаево-Черкесская";"Черкесск";"Ленина";"44.2268637";"42.0467829"
"143";"Московская";"Орехово-Зуево";"Ленина";"55.8151729";"38.9870711"
"144";"Дагестан";"Дербент";"Ленина";"42.058935";"48.2908653"
"145";"Волгоградская";"Камышин";"Ленина";"50.0651261";"45.3843816"
"146";"Ставропольский";"Невинномысск";"Ленина";"44.6227404";"41.9476147"
"147";"Московская";"Красногорск";"Ленина";"55.8318475";"37.32942"
"148";"Владимирская";"Муром";"Ленина";"55.5632276";"42.023006"
"149";"Ростовская";"Батайск";"Ленина";"47.138321";"39.7508382"
"150";"Ростовская";"Новошахтинск";"Ленина";"47.7576522";"39.9364709"
"151";"Московская";"Сергиев Посад";"Ленина";"56.3063411";"38.1502568"
"152";"Ямало-Ненецкий";"Ноябрьск";"Ленина";"63.201846";"75.4509665"
"153";"Московская";"Щелково";"Ленина";"55.9234303";"37.9784419"
"154";"Тыва";"Кызыл";"Ленина";"51.7191542";"94.4377234"
"155";"Башкортостан";"Октябрьский";"Ленина";"54.4815344";"53.4656611"
"156";"Красноярский";"Ачинск";"Ленина";"56.2538662";"90.47949"
"157";"Томская";"Северск";"Ленина";"56.6031143";"84.8809687"
"158";"Самарская";"Новокуйбышевск";"Ленина";"53.0995303";"49.9477662"
"159";"Липецкая";"Елец";"Ленина";"52.6151738";"38.5289121"
"160";"Крым";"Евпатория";"Ленина";"45.1904322";"33.3667685"
"161";"Нижегородская";"Арзамас";"Ленина";"55.3947544";"43.8407855"
"162";"Калужская";"Обнинск";"Ленина";"55.0943892";"36.6121785"
"163";"Ямало-Ненецкий";"Новый Уренгой";"Ленина";"66.0840036";"76.6810032"
"164";"Дагестан";"Каспийск";"Ленина";"42.8916599";"47.6366674"
"165";"Калмыкия";"Элиста";"Ленина";"46.3082947";"44.2701417"
"166";"Московская";"Пушкино";"Ленина";"56.0104548";"37.8471438"
"167";"Московская";"Жуковский";"Ленина";"55.5998408";"38.1224185"
"168";"Приморский";"Артем";"Ленина";"43.350053";"132.1596594"
"169";"Кемеровская";"Междуреченск";"Ленина";"53.6865695";"88.0703888"
"170";"Кемеровская";"Ленинск-Кузнецкий";"Ленина";"54.6674092";"86.1796724"
"171";"Удмуртская";"Сарапул";"Ленина";"56.4616117";"53.8036967"
"172";"Ставропольский";"Ессентуки";"Ленина";"44.044461";"42.8589078"
"173";"Удмуртская";"Воткинск";"Ленина";"57.0517641";"53.9874635"
"174";"Московская";"Ногинск";"Ленина";"55.8686239";"38.4621635"
"175";"Тюменская";"Тобольск";"Ленина";"58.2016828";"68.2538392"
"176";"Коми";"Ухта";"Ленина";"63.5564779";"53.7014202"
"177";"Свердловская";"Серов";"Ленина";"59.6048651";"60.5752136"
"178";"Новосибирская";"Бердск";"Ленина";"54.7582375";"83.1072212"
"179";"Псковская";"Великие Луки";"Ленина";"56.3321847";"30.550757"
"180";"Тамбовская";"Мичуринск";"Ленина";"52.891294";"40.510475"
"181";"Кемеровская";"Киселевск";"Ленина";"54.0060382";"86.6367387"
"182";"Оренбургская";"Новотроицк";"Ленина";"51.1965071";"58.3017455"
"183";"Татарстан";"Зеленодольск";"Ленина";"55.8466751";"48.5010882"
"184";"Пермский";"Соликамск";"Ленина";"59.6483518";"56.7710358"
"185";"Московская";"Раменское";"Ленина";"55.549529";"38.273015"
"186";"Московская";"Домодедово";"Ленина";"55.4363901";"37.7666263"
"187";"Магаданская";"Магадан";"Ленина";"59.5681763";"150.8085289"
"188";"Удмуртская";"Глазов";"Ленина";"58.1359111";"52.6634998"
"189";"Иркутская";"Железногорск-Илимский";"Ленина";"56.5847382";"104.1141747"
"190";"Ростовская";"Каменск-Шахтинский";"Ленина";"48.3204412";"40.268874"
"191";"Курская";"Железногорск";"Ленина";"52.3378753";"35.3516834"
"192";"Красноярский";"Канск";"Ленина";"56.2049776";"95.7051246"
"193";"Ингушетия";"Назрань";"Ленина";"43.2257977";"44.764685"
"194";"Ленинградская";"Гатчина";"Ленина";"59.5650861";"30.1281859"
"195";"Нижегородская";"Саров";"Ленина";"54.9227002";"43.3447792"
"196";"Свердловская";"Новоуральск";"Ленина";"57.2471507";"60.095701"
"197";"Московская";"Воскресенск";"Ленина";"55.3071305";"38.7026949"
"198";"Московская";"Долгопрудный";"Ленина";"55.9384901";"37.5100527"
"199";"Татарстан";"Бугульма";"Ленина";"54.5363428";"52.7895286"
"200";"Ямало-Ненецкий";"Губкинский";"Ленина";"64.4456575";"76.4714559"
"201";"Пензенская";"Кузнецк";"Ленина";"53.1131686";"46.6052497"
"202";"Белгородская";"Губкин";"Ленина";"51.2836362";"37.5347608"
"203";"Ивановская";"Кинешма";"Ленина";"57.4425441";"42.1690039"
"204";"Краснодарский";"Ейск";"Ленина";"46.7114611";"38.2764915"
"205";"Московская";"Реутов";"Ленина";"55.758236";"37.8619443"
"206";"Иркутская";"Усть-Илимск";"Ленина";"57.9431325";"102.7414683"
"207";"Иркутская";"Усолье-Сибирское";"Ленина";"52.7567192";"103.6387694"
"208";"Пермский";"Чайковский";"Ленина";"56.7780203";"54.1478482"
"209";"Ростовская";"Азов";"Ленина";"47.1120631";"39.4232597"
"210";"Оренбургская";"Бузулук";"Ленина";"52.7881434";"52.2623757"
"211";"Челябинская";"Озерск";"Ленина";"55.7631922";"60.7076337"
"212";"Саратовская";"Балашов";"Ленина";"51.5389502";"43.1839828"
"213";"Кемеровская";"Юрга";"Ленина";"55.7202689";"84.8885516"
"214";"Краснодарский";"Кропоткин";"Ленина";"45.4332464";"40.5727852"
"215";"Московская";"Клин";"Ленина";"56.3424886";"36.7240912"
"216";"Свердловская";"Красноуфимск";"Ленина";"56.6122864";"57.7636958"
"217";"Ленинградская";"Выборг";"Ленина";"60.7130748";"28.7328813"
"218";"Ханты-Мансийский Автономный округ - Югра";"Ханты-Мансийск";"Ленина";"61.0024344";"69.0183322"
"219";"Челябинская";"Троицк";"Ленина";"54.0844132";"61.5585503"
"220";"Крым";"Ялта";"Ленина";"44.4951948";"34.166386"
"221";"Курганская";"Шадринск";"Ленина";"56.0870152";"63.6298234"
"222";"Кемеровская";"Белово";"Ленина";"54.4221442";"86.3036438"
"223";"Ставропольский";"Минеральные Воды";"Ленина";"44.2088942";"43.1383482"
"224";"Кемеровская";"Анжеро-Судженск";"Ленина";"56.0787179";"86.0202207"
"225";"Еврейская";"Биробиджан";"Ленина";"48.7945975";"132.9217594"
"226";"Московская";"Лобня";"Ленина";"56.0328745";"37.4614671"
"227";"Алтайский";"Новоалтайск";"Ленина";"53.4120811";"83.9311249"
"228";"Самарская";"Чапаевск";"Ленина";"52.9289662";"49.8674222"
"229";"Ставропольский";"Георгиевск";"Ленина";"44.1486421";"43.4739718"
"230";"Хакасия";"Черногорск";"Ленина";"53.8258425";"91.3259669"
"231";"Красноярский";"Минусинск";"Ленина";"53.7105509";"91.6871866"
"232";"Ставропольский";"Михайловск";"Ленина";"45.1296297";"42.028787"
"233";"Татарстан";"Елабуга";"Ленина";"55.7566727";"52.0544438"
"234";"Московская";"Дубна";"Ленина";"56.7417949";"37.1757163"
"235";"Коми";"Воркута";"Ленина";"67.4973484";"64.0611045"
"236";"Московская";"Егорьевск";"Ленина";"55.3831326";"39.0358236"
"237";"Свердловская";"Асбест";"Ленина";"57.0052428";"61.4581071"
"238";"Башкортостан";"Ишимбай";"Ленина";"53.4546314";"56.043874"
"239";"Крым";"Феодосия";"Ленина";"45.031878";"35.3824772"
"240";"Тюменская";"Ишим";"Ленина";"56.0952037";"69.4643292"
"241";"Башкортостан";"Белорецк";"Ленина";"53.9675927";"58.4099562"
"242";"Амурская";"Белогорск";"Ленина";"50.9212235";"128.4738742"
"243";"Пермский";"Кунгур";"Ленина";"57.4283217";"56.9437787"
"244";"Пермский";"Лысьва";"Ленина";"58.0995987";"57.8085728"
"245";"Ростовская";"Гуково";"Ленина";"48.0449422";"39.9484635"
"246";"Московская";"Ступино";"Ленина";"54.9238403";"38.1186976"
"247";"Башкортостан";"Туймазы";"Ленина";"54.5999889";"53.6949081"
"248";"Нижегородская";"Кстово";"Ленина";"56.1433353";"44.1665081"
"249";"Саратовская";"Вольск";"Ленина";"52.0459932";"47.3873504"
"250";"Красноярский";"Зеленогорск";"Ленина";"56.1133001";"94.5888736"
"251";"Ленинградская";"Сосновый Бор";"Ленина";"59.8772921";"29.1290866"
"252";"Дагестан";"Буйнакск";"Ленина";"42.8213799";"47.1164452"
"253";"Воронежская";"Борисоглебск";"Ленина";"51.3654619";"42.100947"
"254";"Московская";"Наро-Фоминск";"Ленина";"55.3802749";"36.7608038"
"255";"Ставропольский";"Буденновск";"Ленина";"44.7814437";"44.1650859"
"256";"Тульская";"Донской";"Ленина";"53.9679582";"38.3372104"
"257";"Свердловская";"Полевской";"Ленина";"56.4958085";"60.2366314"
"258";"Татарстан";"Лениногорск";"Ленина";"54.5966917";"52.4432118"
"259";"Московская";"Павловский Посад";"Ленина";"55.7806718";"38.6596047"
"260";"Краснодарский";"Славянск-на-Кубани";"Ленина";"45.2605079";"38.1260725"
"261";"Пензенская";"Заречный";"Ленина";"53.1961009";"45.1691502"
"262";"Краснодарский";"Туапсе";"Ленина";"44.1103707";"39.082645"
"263";"Воронежская";"Россошь";"Ленина";"50.170089";"39.6225534"
"264";"Алтай";"Горно-Алтайск";"Ленина";"51.9582681";"85.9602957"
"265";"Башкортостан";"Кумертау";"Ленина";"52.7565537";"55.7969915"
"266";"Краснодарский";"Лабинск";"Ленина";"44.6353153";"40.724385"
"267";"Башкортостан";"Сибай";"Ленина";"52.7205811";"58.6663303"
"268";"Брянская";"Клинцы";"Ленина";"52.7529052";"32.2339161"
"269";"Тверская";"Ржев";"Ленина";"56.2629393";"34.3291178"
"270";"Краснодарский";"Тихорецк";"Ленина";"45.8546953";"40.1258702"
"271";"Саха /Якутия/";"Нерюнгри";"Ленина";"56.6600322";"124.72031"
"272";"Тульская";"Алексин";"Ленина";"54.5083788";"37.047891"
"273";"Свердловская";"Ревда";"Ленина";"56.79869";"59.9071464"
"274";"Владимирская";"Александров";"Ленина";"56.3919652";"38.711035"
"275";"Московская";"Дмитров";"Ленина";"56.3477176";"37.5267184"
"276";"Башкортостан";"Мелеуз";"Ленина";"52.9590637";"55.9283483"
"277";"Ростовская";"Сальск";"Ленина";"46.4751689";"41.5412229"
"278";"Красноярский";"Лесосибирск";"Ленина";"58.2218201";"92.5036986"
"279";"Владимирская";"Гусь-Хрустальный";"Ленина";"55.6198065";"40.6578769"
"280";"Татарстан";"Чистополь";"Ленина";"55.3699372";"50.628495"
"281";"Нижегородская";"Павлово";"Ленина";"55.9797995";"43.0996232"
"282";"Московская";"Чехов";"Ленина";"55.1507175";"37.4532591"
"283";"Архангельская";"Котлас";"Ленина";"61.2529842";"46.6331915"
"284";"Башкортостан";"Белебей";"Ленина";"54.1033832";"54.1111878"
"285";"Новосибирская";"Искитим";"Ленина";"54.6266869";"83.2951444"
"286";"Свердловская";"Краснотурьинск";"Ленина";"59.7636934";"60.1934451"
"287";"Мурманская";"Апатиты";"Ленина";"67.5678295";"33.4067218"
"288";"Ленинградская";"Всеволожск";"Ленина";"60.0190094";"30.6455834"
"289";"Кабардино-Балкарская";"Прохладный";"Ленина";"43.7589521";"44.0101936"
"290";"Волгоградская";"Михайловка";"Ленина";"50.0708749";"43.2400847"
"291";"Краснодарский";"Анапа";"Ленина";"44.8950777";"37.3163142"
"292";"Ленинградская";"Тихвин";"Ленина";"59.6273809";"33.5072307"
"293";"Свердловская";"Верхняя Пышма";"Ленина";"56.9757833";"60.564885"
"294";"Московская";"Ивантеевка";"Ленина";"55.9742303";"37.9208755"
"295";"Амурская";"Свободный";"Ленина";"51.361264";"128.1218995"
"296";"Ивановская";"Шуя";"Ленина";"56.8560743";"41.3802455"
"297";"Ханты-Мансийский Автономный округ - Югра";"Когалым";"Ленина";"62.2638914";"74.4828687"
"298";"Тульская";"Щекино";"Ленина";"54.0020749";"37.517686"
"299";"Самарская";"Жигулевск";"Ленина";"53.4011545";"49.494529"
"300";"Краснодарский";"Крымск";"Ленина";"44.9344108";"37.9855314"
"301";"Смоленская";"Вязьма";"Ленина";"55.2115563";"34.2951196"
"302";"Московская";"Видное";"Ленина";"55.5518323";"37.7062062"
"303";"Приморский";"Арсеньев";"Ленина";"44.16208";"133.269622"
"304";"Дагестан";"Избербаш";"Ленина";"42.565098";"47.871002"
"305";"Нижегородская";"Выкса";"Ленина";"55.3207103";"42.1679169"
"306";"Воронежская";"Лиски";"Ленина";"50.9944734";"39.518302"
"307";"Забайкальский";"Краснокаменск";"Ленина";"50.092858";"118.0323407"
"308";"Московская";"Фрязино";"Ленина";"55.9590154";"38.0409171"
"309";"Тульская";"Узловая";"Ленина";"53.9731407";"38.1763104"
"310";"Московская";"Лыткарино";"Ленина";"55.5778065";"37.9034952"
"311";"Ханты-Мансийский Автономный округ - Югра";"Нягань";"Ленина";"62.1454839";"65.3944361"
"312";"Смоленская";"Рославль";"Ленина";"53.9449601";"32.8479617"
"313";"Краснодарский";"Геленджик";"Ленина";"44.5631053";"38.0790184"
"314";"Новгородская";"Боровичи";"Ленина";"58.3839866";"33.9176761"
"315";"Краснодарский";"Тимашевск";"Ленина";"45.6159358";"38.9350513"
"316";"Краснодарский";"Белореченск";"Ленина";"44.7652733";"39.8780457"
"317";"Московская";"Солнечногорск";"Ленина";"56.2148655";"37.0967653"
"318";"Красноярский";"Назарово";"Ленина";"56.0113176";"90.4167947"
"319";"Ленинградская";"Кириши";"Ленина";"59.4742626";"32.0625536"
"320";"Иркутская";"Черемхово";"Ленина";"53.1369385";"103.090119"
"321";"Пермский";"Краснокамск";"Ленина";"58.0820946";"55.7479797"
"322";"Свердловская";"Лесной";"Ленина";"58.634981";"59.7980528"
"323";"Тверская";"Вышний Волочек";"Ленина";"57.5683326";"34.5402931"
"324";"Оренбургская";"Бугуруслан";"Ленина";"53.6522636";"52.4326166"
"325";"Свердловская";"Березовский";"Ленина";"56.9096284";"60.8180256"
"326";"Нижегородская";"Балахна";"Ленина";"56.4949932";"43.5758953"
"327";"Орловская";"Ливны";"Ленина";"52.4285122";"37.603944"
"328";"Ростовская";"Донецк";"Ленина";"48.3350928";"39.9460654"
"329";"Мурманская";"Североморск";"Ленина";"69.0765029";"33.4178354"
"330";"Хакасия";"Саяногорск";"Ленина";"53.1008226";"91.4121643"
"331";"Тверская";"Кимры";"Ленина";"56.873359";"37.3557064"
"332";"Ханты-Мансийский Автономный округ - Югра";"Мегион";"Ленина";"61.0318946";"76.1024772"
"333";"Дагестан";"Кизляр";"Ленина";"43.8483915";"46.7232828"
"334";"Чеченская";"Урус-Мартан";"Ленина";"43.1276072";"45.5406838"
"335";"Челябинская";"Снежинск";"Ленина";"56.085232";"60.7324989"
"336";"Ленинградская";"Кингисепп";"Ленина";"59.3739407";"28.6112981"
"337";"Краснодарский";"Курганинск";"Ленина";"44.8876442";"40.5913858"
"338";"Иркутская";"Шелехов";"Ленина";"52.2102462";"104.0973531"
"339";"Удмуртская";"Можга";"Ленина";"56.4427219";"52.2138882"
"340";"Ленинградская";"Сертолово";"Ленина";"60.14458";"30.2094595"
"341";"Смоленская";"Ярцево";"Ленина";"55.0564933";"32.6902457"
"342";"Чеченская";"Шали";"Ленина";"43.148776";"45.9009577"
"343";"Самарская";"Отрадный";"Ленина";"53.3800609";"51.3438695"
"344";"Тверская";"Торжок";"Ленина";"57.0412804";"34.9600691"
"345";"Мордовия";"Рузаевка";"Ленина";"54.0583238";"44.949116"
"346";"Ленинградская";"Волхов";"Ленина";"59.9006057";"32.35212"
"347";"Новосибирская";"Куйбышев";"Ленина";"55.4684104";"78.3241042"
"348";"Алтайский";"Заринск";"Ленина";"53.7063495";"84.9314703"
"349";"Липецкая";"Грязи";"Ленина";"52.4873931";"39.9331785"
"350";"Пермский";"Чусовой";"Ленина";"58.2974725";"57.8193122"
"351";"Ямало-Ненецкий";"Надым";"Ленина";"65.5377514";"72.5182746"
"352";"Свердловская";"Верхняя Салда";"Ленина";"58.0466039";"60.5560397"
"353";"Смоленская";"Сафоново";"Ленина";"55.1199868";"33.233799"
"354";"Кемеровская";"Осинники";"Ленина";"53.5987397";"87.3369948"
"355";"Владимирская";"Кольчугино";"Ленина";"56.3327616";"39.391201"
"356";"Чеченская";"Гудермес";"Ленина";"43.3519164";"46.1036052"
"357";"Чувашская Республика";"Канаш";"Ленина";"55.5069543";"47.4917734"
"358";"Тамбовская";"Рассказово";"Ленина";"52.6537517";"41.8743779"
"359";"Челябинская";"Сатка";"Ленина";"55.0404497";"59.0288153"
"360";"Мурманская";"Мончегорск";"Ленина";"67.9385206";"32.9358886"
"361";"Иркутская";"Усть-Кут";"Ленина";"56.7928049";"105.7756883"
"362";"Иркутская";"Тулун";"Ленина";"54.5571409";"100.5779402"
"363";"Белгородская";"Шебекино";"Ленина";"50.4005506";"36.8877988"
"364";"Приморский";"Спасск-Дальний";"Ленина";"44.5900929";"132.8157564"
"365";"Ростовская";"Белая Калитва";"Ленина";"48.176948";"40.8033169"
"366";"Коми";"Печора";"Ленина";"65.1485717";"57.22388"
"367";"Челябинская";"Чебаркуль";"Ленина";"54.9819329";"60.3773305"
"368";"Ханты-Мансийский Автономный округ - Югра";"Радужный";"Ленина";"62.1343067";"77.4584346"
"369";"Краснодарский";"Усть-Лабинск";"Ленина";"45.222676";"39.6930239"
"370";"Орловская";"Мценск";"Ленина";"53.2790021";"36.574992"
"371";"Кемеровская";"Мыски";"Ленина";"53.7125516";"87.8056657"
"372";"Хабаровский";"Амурск";"Ленина";"50.2345017";"136.8791135"
"373";"Курская";"Курчатов";"Ленина";"51.6605475";"35.6571711"
"374";"Свердловская";"Качканар";"Ленина";"58.7051759";"59.4840198"
"375";"Ямало-Ненецкий";"Салехард";"Ленина";"66.5493568";"66.6083994"
"376";"Тульская";"Ефремов";"Ленина";"53.1465725";"38.0922412"
"377";"Томская";"Стрежевой";"Ленина";"60.7328199";"77.6040323"
"378";"Ростовская";"Аксай";"Ленина";"47.2676075";"39.8755485"
"379";"Ярославская";"Переславль-Залесский";"Ленина";"56.7360435";"38.8543064"
"380";"Астраханская";"Ахтубинск";"Ленина";"48.2753078";"46.1906741"
"381";"Московская";"Кашира";"Ленина";"54.8534263";"38.1903818"
"382";"Татарстан";"Заинск";"Ленина";"55.2988854";"52.0063634"
"383";"Алтайский";"Камень-на-Оби";"Ленина";"53.7915454";"81.3545173"
"384";"Хабаровский";"Советская Гавань";"Ленина";"48.9664554";"140.2852223"
"385";"Ханты-Мансийский Автономный округ - Югра";"Советский";"Ленина";"61.3706695";"63.566863"
"386";"Калининградская";"Советск";"Ленина";"55.0810474";"21.8886272"
"387";"Саратовская";"Пугачев";"Ленина";"52.0158464";"48.7972652"
"388";"Ханты-Мансийский Автономный округ - Югра";"Лангепас";"Ленина";"61.2536667";"75.1807905"
"389";"Башкортостан";"Бирск";"Ленина";"55.4157107";"55.5582335"
"390";"Волгоградская";"Урюпинск";"Ленина";"50.7904767";"42.0288589"
"391";"Тамбовская";"Моршанск";"Ленина";"53.4436469";"41.8115687"
"392";"Ханты-Мансийский Автономный округ - Югра";"Пыть-Ях";"Ленина";"60.7585769";"72.8366445"
"393";"Тверская";"Конаково";"Ленина";"56.7275533";"36.8011699"
"394";"Саратовская";"Ртищево";"Ленина";"52.2616298";"43.7842399"
"395";"Владимирская";"Вязники";"Ленина";"56.2976528";"42.2687311"
"396";"Краснодарский";"Кореновск";"Ленина";"45.4640868";"39.4590178"
"397";"Коми";"Усинск";"Ленина";"65.9941116";"57.5570054"
"398";"Ярославская";"Тутаев";"Ленина";"57.8674237";"39.5368234"
"399";"Ростовская";"Красный Сулин";"Ленина";"47.8830826";"40.0781385"
"400";"Иркутская";"Саянск";"Ленина";"54.1107787";"102.1802563"
"401";"Архангельская";"Новодвинск";"Ленина";"64.4136023";"40.8208003"
"402";"Брянская";"Новозыбков";"Ленина";"52.5371426";"31.9356826"
"403";"Калужская";"Людиново";"Ленина";"53.8701406";"34.4385498"
"404";"Ставропольский";"Изобильный";"Ленина";"45.3684342";"41.7086448"
"405";"Чувашская Республика";"Мариинский Посад";"Ленина";"56.111968";"47.7142676"
"406";"Кемеровская";"Мариинск";"Ленина";"56.2127836";"87.7454392"
"407";"Калининградская";"Черняховск";"Ленина";"54.6243928";"21.7969179"
"408";"Нижегородская";"Заволжье";"Ленина";"56.6404237";"43.3871565"
"409";"Краснодарский";"Апшеронск";"Ленина";"44.4585239";"39.7300092"
"410";"Архангельская";"Коряжма";"Ленина";"61.2885993";"47.1002315"
"411";"Пензенская";"Каменка";"Ленина";"53.1855474";"44.0468501"
"412";"Камчатский";"Елизово";"Ленина";"53.1829573";"158.3882833"
"413";"Волгоградская";"Фролово";"Ленина";"49.7647809";"43.6648936"
"414";"Ханты-Мансийский Автономный округ - Югра";"Урай";"Ленина";"60.1295842";"64.8040117"
"415";"Приморский";"Большой Камень";"Ленина";"43.1112737";"132.3480354"
"416";"Ленинградская";"Тосно";"Ленина";"59.5406697";"30.8777872"
"417";"Белгородская";"Алексеевка";"Ленина";"50.6299932";"38.6881776"
"418";"Челябинская";"Коркино";"Ленина";"54.8903023";"61.4034541"
"419";"Челябинская";"Кыштым";"Ленина";"55.7060048";"60.5563271"
"420";"Ханты-Мансийский Автономный округ - Югра";"Лянтор";"Ленина";"61.6391639";"72.1793828"
"421";"Северная Осетия - Алания";"Моздок";"Ленина";"43.7471209";"44.6571456"
"422";"Свердловская";"Реж";"Ленина";"57.3717914";"61.3833223"
"423";"Приморский";"Партизанск";"Ленина";"43.1279833";"133.1264754"
"424";"Красноярский";"Шарыпово";"Ленина";"55.5389684";"89.1801557"
"425";"Ставропольский";"Светлоград";"Ленина";"45.3284769";"42.8566923"
"426";"Вологодская";"Сокол";"Ленина";"59.4759156";"40.1114414"
"427";"Свердловская";"Ирбит";"Ленина";"57.6838406";"63.0576639"
"428";"Оренбургская";"Гай";"Ленина";"51.4649138";"58.4436189"
"429";"Чувашская Республика";"Алатырь";"Ленина";"54.8398179";"46.5721423"
"430";"Свердловская";"Алапаевск";"Ленина";"57.8475542";"61.6693934"
"431";"Краснодарский";"Темрюк";"Ленина";"45.2611082";"37.445519"
"432";"Челябинская";"Южноуральск";"Ленина";"54.4490124";"61.2581869"
"433";"Башкортостан";"Учалы";"Ленина";"54.3066965";"59.4126559"
"434";"Ивановская";"Вичуга";"Ленина";"57.2044545";"41.9131192"
"435";"Приморский";"Дальнегорск";"Ленина";"44.5539909";"135.5662536"
"436";"Московская";"Протвино";"Ленина";"54.8706614";"37.2183307"
"437";"Иркутская";"Нижнеудинск";"Ленина";"54.8969105";"99.0313481"
"438";"Приморский";"Лесозаводск";"Ленина";"45.4780192";"133.4185501"
"439";"Кабардино-Балкарская";"Баксан";"Ленина";"43.6820621";"43.5345627"
"440";"Северная Осетия - Алания";"Беслан";"Ленина";"43.1937634";"44.5338746"
"441";"Тюменская";"Ялуторовск";"Ленина";"56.649167";"66.297034"
"442";"Ростовская";"Миллерово";"Ленина";"48.925821";"40.3983302"
"443";"Ленинградская";"Луга";"Ленина";"58.7373818";"29.8466657"
"444";"Дагестан";"Кизилюрт";"Ленина";"43.2039094";"46.8729311"
"445";"Ивановская";"Фурманов";"Ленина";"57.2538043";"41.1053808"
"446";"Московская";"Краснознаменск";"Ленина";"55.5978962";"37.0395137"
"447";"Ставропольский";"Зеленокумск";"Ленина";"44.403359";"43.8841326"
"448";"Нижегородская";"Кулебаки";"Ленина";"55.429716";"42.512483"
"449";"Пермский";"Добрянка";"Ленина";"58.4696353";"56.4131294"
"450";"Крым";"Джанкой";"Ленина";"45.7092436";"34.388332"
"451";"Мурманская";"Кандалакша";"Ленина";"67.1567298";"32.4142303"
"452";"Амурская";"Тында";"Ленина";"55.1546401";"124.7468634"
"453";"Иркутская";"Тайшет";"Ленина";"55.9405397";"98.0030649"
"454";"Свердловская";"Тавда";"Ленина";"58.0434196";"65.2743232"
"455";"Пензенская";"Сердобск";"Ленина";"52.4697532";"44.2122688"
"456";"Белгородская";"Валуйки";"Ленина";"50.2112799";"38.0998765"
"457";"Краснодарский";"Гулькевичи";"Ленина";"45.3605769";"40.6918484"
"458";"Кировская";"Вятские Поляны";"Ленина";"56.2286058";"51.0614666"
"459";"Московская";"Истра";"Ленина";"55.9061087";"36.8600854"
"460";"Ивановская";"Тейково";"Ленина";"56.8542712";"40.5355289"
"461";"Краснодарский";"Абинск";"Ленина";"44.8679931";"38.1618437"
"462";"Татарстан";"Азнакаево";"Ленина";"54.8599054";"53.0745505"
"463";"Краснодарский";"Новокубанск";"Ленина";"45.1038782";"41.0473679"
"464";"Свердловская";"Сухой Лог";"Ленина";"56.9075938";"62.0358708"
"465";"Ярославская";"Углич";"Ленина";"57.5223866";"38.3019793"
"466";"Самарская";"Кинель";"Ленина";"53.2209985";"50.6343039"
"467";"Ханты-Мансийский Автономный округ - Югра";"Югорск";"Ленина";"61.3124504";"63.3364787"
"468";"Кировская";"Слободской";"Ленина";"58.7311934";"50.1670091"
"469";"Воронежская";"Острогожск";"Ленина";"50.8678083";"39.0406398"
"470";"Челябинская";"Трехгорный";"Ленина";"54.8178174";"58.4465039"
"471";"Ленинградская";"Сланцы";"Ленина";"59.1178693";"28.088106"
"472";"Сахалинская";"Корсаков";"Ленина";"46.6323995";"142.7994094"
"473";"Рязанская";"Касимов";"Ленина";"54.9373788";"41.3912912"
"474";"Чувашская Республика";"Шумерля";"Ленина";"55.4961795";"46.4183534"
"475";"Ямало-Ненецкий";"Муравленко";"Ленина";"63.794188";"74.494913"
"476";"Пермский";"Чернушка";"Ленина";"56.5161079";"56.0763919"
"477";"Красноярский";"Сосновоборск";"Ленина";"56.1202088";"93.3353411"
"478";"Свердловская";"Кушва";"Ленина";"58.2825406";"59.7646113"
"479";"Карелия";"Кондопога";"Ленина";"62.2059866";"34.2681778"
"480";"Свердловская";"Артемовский";"Ленина";"57.3384162";"61.8946599"
"481";"Московская";"Шатура";"Ленина";"55.5777942";"39.5443781"
"482";"Ставропольский";"Благодарный";"Ленина";"45.0990834";"43.4307042"
"483";"Калининградская";"Балтийск";"Ленина";"54.6514128";"19.9141911"
"484";"Воронежская";"Нововоронеж";"Ленина";"51.3092463";"39.2162865"
"485";"Татарстан";"Нурлат";"Ленина";"54.4281578";"50.8050431"
"486";"Иркутская";"Зима";"Ленина";"53.9206865";"102.0492066"
"487";"Московская";"Котельники";"Ленина";"55.659898";"37.8632865"
"488";"Краснодарский";"Приморско-Ахтарск";"Ленина";"46.0515";"38.1704654"
"489";"Новгородская";"Старая Русса";"Ленина";"57.9906873";"31.3555076"
"490";"Коми";"Инта";"Ленина";"66.0368196";"60.1154612"
"491";"Челябинская";"Аша";"Ленина";"54.9907105";"57.2783704"
"492";"Тульская";"Богородицк";"Ленина";"53.7700516";"38.1225308"
"493";"Тамбовская";"Котовск";"Ленина";"52.592393";"41.5102486"
"494";"Ярославская";"Ростов";"Ленина";"57.2050177";"39.4378357"
"495";"Свердловская";"Богданович";"Ленина";"56.7764419";"62.0463692"
"496";"Смоленская";"Гагарин";"Ленина";"55.5526532";"34.9949049"
"497";"Кабардино-Балкарская";"Нарткала";"Ленина";"43.5577208";"43.8576411"
"498";"Вологодская";"Великий Устюг";"Ленина";"60.7603243";"46.3053893"
"499";"Саратовская";"Маркс";"Ленина";"51.7133973";"46.7400684"
"500";"Московская";"Можайск";"Ленина";"55.5069819";"36.0240724"
"501";"Забайкальский";"Борзя";"Ленина";"50.3875437";"116.5235682"
"502";"Московская";"Ликино-Дулево";"Ленина";"55.7078531";"38.9577103"
"503";"Башкортостан";"Дюртюли";"Ленина";"55.4848047";"54.8524875"
"504";"Забайкальский";"Петровск-Забайкальский";"Ленина";"51.2748381";"108.8467139"
"505";"Саратовская";"Петровск";"Ленина";"52.3093782";"45.3851649"
"506";"Ингушетия";"Карабулак";"Ленина";"43.3054762";"44.9094521"
"507";"Ингушетия";"Малгобек";"Ленина";"43.5097009";"44.5901517"
"508";"Тверская";"Удомля";"Ленина";"57.8787885";"35.016716"
"509";"Сахалинская";"Холмск";"Ленина";"47.0408637";"142.0416619"
"510";"Пермский";"Кудымкар";"Ленина";"59.0168605";"54.6573459"
"511";"Нижегородская";"Городец";"Ленина";"56.6447459";"43.4722975"
"512";"Дагестан";"Дагестанские Огни";"Ленина";"42.1151021";"48.1939983"
"513";"Карачаево-Черкесская";"Усть-Джегута";"Ленина";"44.083852";"41.971128"
"514";"Челябинская";"Верхний Уфалей";"Ленина";"56.0487252";"60.231963"
"515";"Калужская";"Малоярославец";"Ленина";"55.0176756";"36.4632122"
"516";"Рязанская";"Скопин";"Ленина";"53.8236028";"39.5493286"
"517";"Алтайский";"Славгород";"Ленина";"52.9993053";"78.6459674"
"518";"Архангельская";"Мирный";"Ленина";"62.7644267";"40.3359976"
"519";"Новосибирская";"Барабинск";"Ленина";"55.3515917";"78.3465012"
"520";"Челябинская";"Еманжелинск";"Ленина";"54.7554084";"61.3243985"
"521";"Оренбургская";"Сорочинск";"Ленина";"52.4265081";"53.1542123"
"522";"Краснодарский";"Горячий Ключ";"Ленина";"44.6343251";"39.1356421"
"523";"Владимирская";"Киржач";"Ленина";"56.1485263";"38.8635035"
"524";"Московская";"Луховицы";"Ленина";"54.9651617";"39.0261346"
"525";"Смоленская";"Десногорск";"Ленина";"54.1465117";"33.2834063"
"526";"Карелия";"Сегежа";"Ленина";"63.7437211";"34.3126755"
"527";"Крым";"Красноперекопск";"Ленина";"45.9537956";"33.7921523"
"528";"Чеченская";"Аргун";"Ленина";"43.2918071";"45.8724383"
"529";"Брянская";"Дятьково";"Ленина";"53.5958283";"34.355092"
"530";"Ивановская";"Кохма";"Ленина";"56.9325151";"41.0933071"
"531";"Астраханская";"Знаменск";"Ленина";"48.5865618";"45.7367908"
"532";"Московская";"Дедовск";"Ленина";"55.8704718";"37.1244724"
"533";"Свердловская";"Североуральск";"Ленина";"60.1533333";"59.9525274"
"534";"Челябинская";"Карталы";"Ленина";"53.0536101";"60.647712"
"535";"Свердловская";"Карпинск";"Ленина";"59.7664444";"60.0011798"
"536";"Новосибирская";"Карасук";"Ленина";"53.7343772";"78.042457"
"537";"Кемеровская";"Топки";"Ленина";"55.2766036";"85.6153223"
"538";"Крым";"Алушта";"Ленина";"44.6764419";"34.4100387"
"539";"Алтайский";"Алейск";"Ленина";"52.4920914";"82.7794145"
"540";"Тульская";"Кимовск";"Ленина";"53.9698378";"38.5380267"
"541";"Карелия";"Костомукша";"Ленина";"64.5889946";"30.6015567"
"542";"Красноярский";"Дивногорск";"Ленина";"55.9577868";"92.380085"
"543";"Калининградская";"Гусев";"Ленина";"54.5915477";"22.1944114"
"544";"Самарская";"Похвистнево";"Ленина";"53.6498197";"52.1235517"
"545";"Рязанская";"Сасово";"Ленина";"54.350807";"41.9117458"
"546";"Коми";"Сосногорск";"Ленина";"63.5990137";"53.8762792"
"547";"Ставропольский";"Нефтекумск";"Ленина";"44.7544866";"44.9865041"
"548";"Ростовская";"Морозовск";"Ленина";"48.3511724";"41.8308006"
"549";"Кемеровская";"Полысаево";"Ленина";"54.6053968";"86.2808803"
"550";"Приморский";"Дальнереченск";"Ленина";"45.9307882";"133.7316542"
"551";"Пермский";"Губаха";"Ленина";"58.837024";"57.5544441"
"552";"Оренбургская";"Медногорск";"Ленина";"51.4039421";"57.5832185"
"553";"Самарская";"Октябрьск";"Ленина";"53.1640886";"48.6707463"
"554";"Воронежская";"Бутурлиновка";"Ленина";"50.8313227";"40.5977541"
"555";"Башкортостан";"Янаул";"Ленина";"56.2650336";"54.9298314"
"556";"Ямало-Ненецкий";"Лабытнанги";"Ленина";"66.6592376";"66.3882628"
"557";"Волгоградская";"Калач-на-Дону";"Ленина";"48.6887569";"43.5306866"
"558";"Свердловская";"Камышлов";"Ленина";"56.8465469";"62.7120432"
"559";"Ростовская";"Зерноград";"Ленина";"46.8494991";"40.312765"
"560";"Тамбовская";"Уварово";"Ленина";"51.9768835";"42.2529568"
"561";"Ставропольский";"Новоалександровск";"Ленина";"45.4933561";"41.2154482"
"562";"Кабардино-Балкарская";"Майский";"Ленина";"43.6281779";"44.0516663"
"563";"Омская";"Тара";"Ленина";"56.9159171";"74.3649643"
"564";"Ставропольский";"Новопавловск";"Ленина";"43.9617565";"43.6342855"
"565";"Крым";"Бахчисарай";"Ленина";"44.751388";"33.8750341"
"566";"Калужская";"Балабаново";"Ленина";"55.1773652";"36.6567255"
"567";"Ивановская";"Родники";"Ленина";"57.1024137";"41.7298908"
"568";"Оренбургская";"Соль-Илецк";"Ленина";"51.1634976";"54.9895391"
"569";"Московская";"Красноармейск";"Ленина";"51.0268595";"45.7011086"
"570";"Брянская";"Унеча";"Ленина";"52.8460665";"32.6757071"
"571";"Оренбургская";"Кувандык";"Ленина";"51.4784845";"57.3612029"
"572";"Новосибирская";"Обь";"Ленина";"54.9945882";"82.6937925"
"573";"Новосибирская";"Татарск";"Ленина";"55.2145894";"75.9740805"
"574";"Ставропольский";"Ипатово";"Ленина";"45.7181897";"42.8969695"
"575";"Воронежская";"Семилуки";"Ленина";"51.6951846";"39.0189797"
"576";"Омская";"Исилькуль";"Ленина";"54.9096156";"71.2816107"
"577";"Московская";"Озеры";"Ленина";"54.8539944";"38.55987"
"578";"Костромская";"Буй";"Ленина";"58.473445";"41.5306746"
"579";"Тюменская";"Заводоуковск";"Ленина";"56.5012193";"66.5505094"
"580";"Саратовская";"Аткарск";"Ленина";"51.8736331";"45.0003199"
"581";"Томская";"Асино";"Ленина";"56.9908444";"86.1765724"
"582";"Тульская";"Киреевск";"Ленина";"53.9321173";"37.9220791"
"583";"Нижегородская";"Богородск";"Ленина";"56.1019905";"43.513678"
"584";"Кемеровская";"Тайга";"Ленина";"56.0622767";"85.6207907"
"585";"Свердловская";"Невьянск";"Ленина";"57.491233";"60.2181839"
"586";"Воронежская";"Павловск";"Ленина";"50.4533684";"40.1369087"
"587";"Амурская";"Зея";"Ленина";"53.7339151";"127.2658079"
"588";"Кировская";"Котельнич";"Ленина";"58.3035238";"48.3474288"
"589";"Свердловская";"Красноуральск";"Ленина";"58.3486334";"60.0409011"
"590";"Саха /Якутия/";"Ленск";"Ленина";"60.7276036";"114.9549103"
"591";"Кемеровская";"Гурьевск";"Ленина";"54.2860005";"85.947723"
"592";"Московская";"Зарайск";"Ленина";"54.7625993";"38.8851485"
"593";"Тверская";"Бежецк";"Ленина";"57.7861144";"36.6903445"
"594";"Ставропольский";"Железноводск";"Ленина";"44.1320689";"43.0306475"
"595";"Нижегородская";"Семенов";"Ленина";"56.788935";"44.4903571"
"596";"Томская";"Колпашево";"Ленина";"58.3114716";"82.9027528"
"597";"Волгоградская";"Котово";"Ленина";"50.3205433";"44.8031864"
"598";"Башкортостан";"Давлеканово";"Ленина";"54.2227617";"55.0313419"
"599";"Омская";"Калачинск";"Ленина";"55.0598547";"74.5655075"
"600";"Белгородская";"Строитель";"Ленина";"50.7845571";"36.4886619"
"601";"Архангельская";"Вельск";"Ленина";"61.0660057";"42.1032858"
"602";"Ростовская";"Семикаракорск";"Ленина";"47.5177981";"40.811585"
"603";"Ленинградская";"Отрадное";"Ленина";"59.772596";"30.7988403"
"604";"Карачаево-Черкесская";"Карачаевск";"Ленина";"43.773197";"41.9143726"
"605";"Приморский";"Фокино";"Ленина";"42.9707163";"132.4110209"
"606";"Бурятия";"Северобайкальск";"Ленина";"55.6357165";"109.3362606"
"607";"Костромская";"Шарья";"Ленина";"58.3761832";"45.4060762"
"608";"Кировская";"Омутнинск";"Ленина";"58.6697684";"52.1893554"
"609";"Челябинская";"Усть-Катав";"Ленина";"54.9261323";"58.1528067"
"610";"Тверская";"Бологое";"Ленина";"57.885655";"34.0536895"
"611";"Крым";"Саки";"Ленина";"45.1342889";"33.6032508"
"612";"Московская";"Волоколамск";"Ленина";"56.0358121";"35.9585027"
"613";"Бурятия";"Гусиноозерск";"Ленина";"51.2865751";"106.5230732"
"614";"Кемеровская";"Таштагол";"Ленина";"52.7594505";"87.8477272"
"615";"Мурманская";"Оленегорск";"Ленина";"68.1422068";"33.2670094"
"616";"Пермский";"Оханск";"Ленина";"57.7178946";"55.387153"
"617";"Сахалинская";"Оха";"Ленина";"53.5868238";"142.941221"
"618";"Московская";"Кубинка";"Ленина";"55.5755679";"36.6952487"
"619";"Камчатский";"Вилючинск";"Ленина";"52.930428";"158.4057276"
"620";"Тверская";"Нелидово";"Ленина";"56.2232417";"32.7766656"
"621";"Костромская";"Нерехта";"Ленина";"57.4543706";"40.5725438"
"622";"Хабаровский";"Николаевск-на-Амуре";"Ленина";"53.1461943";"140.7109642"
"623";"Пермский";"Верещагино";"Ленина";"58.0797908";"54.6580948"
"624";"Пензенская";"Нижний Ломов";"Ленина";"53.5301274";"43.6729216"
"625";"Московская";"Лосино-Петровский";"Ленина";"55.8714441";"38.2005377"
"626";"Ставропольский";"Лермонтов";"Ленина";"44.1052526";"42.9731433"
"627";"Иркутская";"Вихоревка";"Ленина";"56.1207708";"101.170332"
"628";"Ленинградская";"Никольское";"Ленина";"59.7042633";"30.7874879"
"629";"Пензенская";"Никольск";"Ленина";"53.7138397";"46.079962"
"630";"Крым";"Армянск";"Ленина";"46.1059247";"33.6910325"
"631";"Пермский";"Оса";"Ленина";"57.2889992";"55.4688982"
"632";"Ростовская";"Зверево";"Ленина";"48.043451";"40.1264948"
"633";"Архангельская";"Няндома";"Ленина";"61.6653735";"40.2061699"
"634";"Красноярский";"Дудинка";"Ленина";"69.4031339";"86.1908135"
"635";"Московская";"Электрогорск";"Ленина";"55.8778573";"38.7805239"
"636";"Татарстан";"Бавлы";"Ленина";"54.4063588";"53.2457946"
"637";"Татарстан";"Менделеевск";"Ленина";"55.8950646";"52.3144177"
"638";"Кемеровская";"Калтан";"Ленина";"53.5210461";"87.2772143"
"639";"Нижегородская";"Лысково";"Ленина";"56.0262298";"45.0356702"
"640";"Московская";"Старая Купавна";"Ленина";"55.8038411";"38.1426144"
"641";"Московская";"Куровское";"Ленина";"55.5791491";"38.9208543"
"642";"Мурманская";"Островной";"Ленина";"68.0509133";"39.5076034"
"643";"Рязанская";"Ряжск";"Ленина";"53.7067718";"40.0521358"
"644";"Псковская";"Остров";"Ленина";"57.3452408";"28.3437107"
"645";"Московская";"Хотьково";"Ленина";"56.2515725";"37.9395225"
"646";"Свердловская";"Нижняя Тура";"Ленина";"58.6310942";"59.8521265"
"647";"Краснодарский";"Хадыженск";"Ленина";"44.412303";"39.5319151"
"648";"Ленинградская";"Пикалево";"Ленина";"59.5130655";"34.1773982"
"649";"Новосибирская";"Тогучин";"Ленина";"55.2250038";"84.4103867"
"650";"Курская";"Льгов";"Ленина";"51.6596935";"35.2611592"
"651";"Саратовская";"Ершов";"Ленина";"51.3508407";"48.2763313"
"652";"Нижегородская";"Сергач";"Ленина";"55.5200364";"45.4813193"
"653";"Калининградская";"Светлый";"Ленина";"54.6774051";"20.1356625"
"654";"Архангельская";"Онега";"Ленина";"63.9163966";"38.0805749"
"655";"Нижегородская";"Шахунья";"Ленина";"57.6764773";"46.6129673"
"656";"Мордовия";"Ковылкино";"Ленина";"54.0391464";"43.9191229"
"657";"Ненецкий";"Нарьян-Мар";"Ленина";"67.6381525";"53.0069336"
"658";"Саха /Якутия/";"Алдан";"Ленина";"58.6094885";"125.3816689"
"659";"Московская";"Рошаль";"Ленина";"55.6632504";"39.8655434"
"660";"Марий Эл";"Козьмодемьянск";"Ленина";"56.333346";"46.5466282"
"661";"Московская";"Бронницы";"Ленина";"55.4255534";"38.2640794"
"662";"Липецкая";"Данков";"Ленина";"53.25769";"39.1457625"
"663";"Ленинградская";"Лодейное Поле";"Ленина";"60.7320564";"33.5522225"
"664";"Красноярский";"Боготол";"Ленина";"56.209881";"89.5300182"
"665";"Кабардино-Балкарская";"Тырныауз";"Ленина";"43.3981939";"42.9215127"
"666";"Липецкая";"Лебедянь";"Ленина";"53.0156678";"39.143498"
"667";"Московская";"Черноголовка";"Ленина";"56.0100909";"38.3792328"
"668";"Челябинская";"Бакал";"Ленина";"54.9406759";"58.8051085"
"669";"Северная Осетия - Алания";"Алагир";"Ленина";"43.0416151";"44.2198622"
"670";"Оренбургская";"Абдулино";"Ленина";"53.6778096";"53.6473115"
"671";"Свердловская";"Сысерть";"Ленина";"56.50052";"60.8190708"
"672";"Волгоградская";"Суровикино";"Ленина";"48.6189756";"42.8541308"
"673";"Амурская";"Райчихинск";"Ленина";"49.7941882";"129.4112149"
"674";"Волгоградская";"Котельниково";"Ленина";"47.6310808";"43.1331198"
"675";"Ямало-Ненецкий";"Тарко-Сале";"Ленина";"64.9117649";"77.7610204"
"676";"Свердловская";"Среднеуральск";"Ленина";"56.991883";"60.4771953"
"677";"Татарстан";"Буинск";"Ленина";"54.9641106";"48.2900576"
"678";"Ханты-Мансийский Автономный округ - Югра";"Белоярский";"Ленина";"63.712181";"66.6772357"
"679";"Пермский";"Кизел";"Ленина";"59.0511764";"57.6471214"
"680";"Ростовская";"Пролетарск";"Ленина";"46.7038968";"41.7274533"
"681";"Ленинградская";"Коммунар";"Ленина";"59.6215929";"30.393466"
"682";"Московская";"Пущино";"Ленина";"54.832521";"37.6210428"
"683";"Московская";"Электроугли";"Ленина";"55.7170329";"38.2194049"
"684";"Воронежская";"Калач";"Ленина";"50.4241213";"41.0162858"
"685";"Бурятия";"Кяхта";"Ленина";"50.3466291";"106.4534938"
"686";"Амурская";"Шимановск";"Ленина";"52.0052856";"127.7006559"
"687";"Воронежская";"Бобров";"Ленина";"51.0902048";"40.0320014"
"688";"Брянская";"Карачев";"Ленина";"53.1297194";"34.9887859"
"689";"Владимирская";"Юрьев-Польский";"Ленина";"56.4938067";"39.6679311"
"690";"Белгородская";"Новый Оскол";"Ленина";"50.7635162";"37.8774026"
"691";"Владимирская";"Собинка";"Ленина";"55.993798";"40.0180034"
"692";"Новосибирская";"Черепаново";"Ленина";"54.2206974";"83.3724392"
"693";"Рязанская";"Новомичуринск";"Ленина";"54.0377979";"39.7467023"
"694";"Татарстан";"Агрыз";"Ленина";"56.5232645";"52.994257"
"695";"Карелия";"Сортавала";"Ленина";"61.7032216";"30.6917021"
"696";"Кабардино-Балкарская";"Терек";"Ленина";"43.4838439";"44.1402524"
"697";"Пермский";"Нытва";"Ленина";"57.9337429";"55.3357261"
"698";"Брянская";"Стародуб";"Ленина";"52.5851881";"32.7603628"
"699";"Тульская";"Суворов";"Ленина";"54.1345367";"36.4806933"
"700";"Ленинградская";"Приозерск";"Ленина";"61.03313";"30.15876"
"701";"Мурманская";"Ковдор";"Ленина";"67.5661466";"30.4742082"
"702";"Челябинская";"Куса";"Ленина";"55.3385156";"59.4386474"
"703";"Северная Осетия - Алания";"Ардон";"Ленина";"43.1756719";"44.2955701"
"704";"Красноярский";"Енисейск";"Ленина";"58.4485234";"92.165237"
"705";"Липецкая";"Усмань";"Ленина";"52.0444165";"39.7264516"
"706";"Самарская";"Нефтегорск";"Ленина";"52.797259";"51.1637126"
"707";"Ленинградская";"Подпорожье";"Ленина";"60.9127463";"34.1567832"
"708";"Ульяновская";"Инза";"Ленина";"53.8550467";"46.3532786"
"709";"Иркутская";"Слюдянка";"Ленина";"51.6562679";"103.7186877"
"710";"Московская";"Апрелевка";"Ленина";"55.5276336";"37.0651105"
"711";"Рязанская";"Рыбное";"Ленина";"54.7255937";"39.513438"
"712";"Свердловская";"Талица";"Ленина";"57.0123359";"63.7322467"
"713";"Брянская";"Жуковка";"Ленина";"53.5341219";"33.7302166"
"714";"Астраханская";"Харабали";"Ленина";"47.4089187";"47.2524467"
"715";"Калужская";"Козельск";"Ленина";"54.0348417";"35.7807136"
"716";"Татарстан";"Арск";"Ленина";"56.0913636";"49.8770441"
"717";"Алтайский";"Яровое";"Ленина";"52.9251728";"78.5729898"
"718";"Тверская";"Осташков";"Ленина";"57.1457205";"33.1116707"
"719";"Свердловская";"Туринск";"Ленина";"58.0394258";"63.698142"
"720";"Кабардино-Балкарская";"Чегем";"Ленина";"43.5672039";"43.5865338"
"721";"Свердловская";"Нижняя Салда";"Ленина";"58.0749243";"60.7026555"
"722";"Брянская";"Почеп";"Ленина";"52.9154724";"33.4744608"
"723";"Брянская";"Сельцо";"Ленина";"53.3738801";"34.1059226"
"724";"Ростовская";"Константиновск";"Ленина";"47.5773456";"41.0967362"
"725";"Волгоградская";"Новоаннинский";"Ленина";"50.5296873";"42.6666038"
"726";"Курганская";"Шумиха";"Ленина";"55.2281833";"63.2902391"
"727";"Ярославская";"Гаврилов-Ям";"Ленина";"57.3091552";"39.8545157"
"728";"Свердловская";"Ивдель";"Ленина";"60.6944353";"60.4244661"
"729";"Владимирская";"Покров";"Ленина";"55.9167118";"39.1733641"
"730";"Башкортостан";"Баймак";"Ленина";"52.5912632";"58.3111995"
"731";"Воронежская";"Поворино";"Ленина";"51.1953446";"42.2472432"
"732";"Челябинская";"Катав-Ивановск";"Ленина";"54.7520187";"58.1983706"
"733";"Костромская";"Мантурово";"Ленина";"58.3264667";"44.7575036"
"734";"Московская";"Голицыно";"Ленина";"55.6189762";"36.9855559"
"735";"Красноярский";"Бородино";"Ленина";"55.9054308";"94.9021138"
"736";"Башкортостан";"Межгорье";"Ленина";"54.239683";"57.96146"
"737";"Костромская";"Галич";"Ленина";"58.3826861";"42.3654563"
"738";"Челябинская";"Пласт";"Ленина";"54.3691832";"60.8152305"
"739";"Мурманская";"Полярный";"Ленина";"69.1988373";"33.4509985"
"740";"Кировская";"Яранск";"Ленина";"57.304195";"47.8479185"
"741";"Тамбовская";"Кирсанов";"Ленина";"52.650594";"42.7284872"
"742";"Хабаровский";"Бикин";"Ленина";"46.8186244";"134.2551046"
"743";"Ульяновская";"Барыш";"Ленина";"53.6534563";"47.1180805"
"744";"Пермский";"Красновишерск";"Ленина";"60.3902242";"57.0537244"
"745";"Хакасия";"Абаза";"Ленина";"52.6517296";"90.0885929"
"746";"Костромская";"Волгореченск";"Ленина";"57.4423712";"41.1593076"
"747";"Курганская";"Куртамыш";"Ленина";"54.9368491";"64.4203009"
"748";"Ханты-Мансийский Автономный округ - Югра";"Покачи";"Ленина";"61.7421977";"75.5942069"
"749";"Курская";"Щигры";"Ленина";"51.8787808";"36.8910674"
"750";"Саратовская";"Новоузенск";"Ленина";"50.4551744";"48.1412622"
"751";"Челябинская";"Касли";"Ленина";"55.8868045";"60.7422529"
"752";"Новосибирская";"Болотное";"Ленина";"55.6693773";"84.3906599"
"753";"Волгоградская";"Жирновск";"Ленина";"50.9767561";"44.7857694"
"754";"Тульская";"Ясногорск";"Ленина";"54.4795178";"37.689669"
"755";"Ивановская";"Приволжск";"Ленина";"57.3807249";"41.2809239"
"756";"Калужская";"Кондрово";"Ленина";"54.796051";"35.9276099"
"757";"Ленинградская";"Бокситогорск";"Ленина";"59.4735032";"33.8456521"
"758";"Татарстан";"Мензелинск";"Ленина";"55.7270908";"53.1005321"
"759";"Сахалинская";"Поронайск";"Ленина";"49.2387983";"143.1007104"
"760";"Саратовская";"Калининск";"Ленина";"51.4992917";"44.4710177"
"761";"Нижегородская";"Навашино";"Ленина";"55.5439105";"42.1887734"
"762";"Московская";"Звенигород";"Ленина";"55.7296168";"36.8552843"
"763";"Башкортостан";"Агидель";"Ленина";"55.89976";"53.9221149"
"764";"Псковская";"Невель";"Ленина";"56.0201544";"29.9240505"
"765";"Калужская";"Сухиничи";"Ленина";"54.0973787";"35.3443077"
"766";"Астраханская";"Камызяк";"Ленина";"46.1105429";"48.0732724"
"767";"Тульская";"Плавск";"Ленина";"53.7095993";"37.2863144"
"768";"Тверская";"Кашин";"Ленина";"57.3600486";"37.6118674"
"769";"Новгородская";"Чудово";"Ленина";"59.1247477";"31.6865406"
"770";"Красноярский";"Иланский";"Ленина";"56.2374163";"96.0672656"
"771";"Новгородская";"Валдай";"Ленина";"57.9822906";"33.2369492"
"772";"Оренбургская";"Ясный";"Ленина";"51.0369499";"59.8743256"
"773";"Красноярский";"Ужур";"Ленина";"55.3141977";"89.8333827"
"774";"Ульяновская";"Новоульяновск";"Ленина";"54.1447691";"48.3911701"
"775";"Волгоградская";"Краснослободск";"Ленина";"48.7068777";"44.5631799"
"776";"Волгоградская";"Палласовка";"Ленина";"50.0501422";"46.8803355"
"777";"Ленинградская";"Светогорск";"Ленина";"61.1112679";"28.8726666"
"778";"Новгородская";"Пестово";"Ленина";"58.5973944";"35.8144523"
"779";"Ярославская";"Данилов";"Ленина";"58.1859542";"40.1796765"
"780";"Мурманская";"Заполярный";"Ленина";"69.413232";"30.7985332"
"781";"Владимирская";"Лакинск";"Ленина";"56.0180614";"39.9564706"
"782";"Курская";"Рыльск";"Ленина";"51.568165";"34.6802178"
"783";"Карелия";"Медвежьегорск";"Ленина";"62.9127678";"34.4567614"
"784";"Вологодская";"Грязовец";"Ленина";"58.8757657";"40.248477"
"785";"Волгоградская";"Ленинск";"Ленина";"48.6936234";"45.1992835"
"786";"Свердловская";"Дегтярск";"Ленина";"56.7048199";"60.0792227"
"787";"Новосибирская";"Купино";"Ленина";"54.3660317";"77.2972969"
"788";"Крым";"Судак";"Ленина";"44.8505913";"34.9761591"
"789";"Иркутская";"Бодайбо";"Ленина";"57.8468822";"114.1867148"
"790";"Тульская";"Венев";"Ленина";"54.3542431";"38.2642325"
"791";"Тамбовская";"Жердевка";"Ленина";"51.8421783";"41.4617407"
"792";"Владимирская";"Меленки";"Ленина";"55.3387017";"41.634124"
"793";"Владимирская";"Петушки";"Ленина";"55.9297657";"39.4507913"
"794";"Мурманская";"Полярные Зори";"Ленина";"67.3730192";"32.497541"
"795";"Волгоградская";"Николаевск";"Ленина";"50.0166952";"45.4733204"
"796";"Алтайский";"Белокуриха";"Ленина";"51.9960534";"84.9840343"
"797";"Сахалинская";"Александровск-Сахалинский";"Ленина";"50.8973664";"142.1579322"
"798";"Ростовская";"Цимлянск";"Ленина";"47.6477668";"42.093022"
"799";"Пермский";"Александровск";"Ленина";"59.1613773";"57.5764851"
"800";"Брянская";"Трубчевск";"Ленина";"52.5791314";"33.7660013"
"801";"Пермский";"Очер";"Ленина";"57.8851991";"54.7161756"
"802";"Забайкальский";"Нерчинск";"Ленина";"51.9595512";"116.5854018"
"803";"Нижегородская";"Лукоянов";"Ленина";"55.0327349";"44.4933829"
"804";"Владимирская";"Карабаново";"Ленина";"56.3133447";"38.7034267"
"805";"Красноярский";"Кодинск";"Ленина";"58.6033961";"99.1797563"
"806";"Коми";"Емва";"Ленина";"62.5965314";"50.8731889"
"807";"Нижегородская";"Первомайск";"Ленина";"54.8676182";"43.8012829"
"808";"Хабаровский";"Вяземский";"Ленина";"47.5354416";"134.7553701"
"809";"Челябинская";"Сим";"Ленина";"54.9906584";"57.6899045"
"810";"Татарстан";"Мамадыш";"Ленина";"55.7149876";"51.4128614"
"811";"Саратовская";"Красный Кут";"Ленина";"50.9596867";"46.9712472"
"812";"Владимирская";"Струнино";"Ленина";"56.3750001";"38.583938"
"813";"Волгоградская";"Дубовка";"Ленина";"49.0555342";"44.8270813"
"814";"Калмыкия";"Лагань";"Ленина";"45.3929617";"47.3432943"
"815";"Свердловская";"Арамиль";"Ленина";"56.6945341";"60.8343825"
"816";"Ивановская";"Южа";"Ленина";"56.5926458";"42.0457159"
"817";"Московская";"Пересвет";"Ленина";"56.4158828";"38.1733567"
"818";"Курганская";"Катайск";"Ленина";"56.2908118";"62.5800669"
"819";"Владимирская";"Гороховец";"Ленина";"56.2021059";"42.692517"
"820";"Забайкальский";"Шилка";"Ленина";"51.8495302";"116.033575"
"821";"Тульская";"Белев";"Ленина";"53.8113348";"36.1383153"
"822";"Курганская";"Далматово";"Ленина";"56.2621393";"62.9387378"
"823";"Калининградская";"Гвардейск";"Ленина";"54.6588981";"21.0500584"
"824";"Тверская";"Калязин";"Ленина";"57.2579471";"37.7821253"
"825";"Московская";"Талдом";"Ленина";"56.7308993";"37.5276414"
"826";"Ленинградская";"Сясьстрой";"Ленина";"60.1402454";"32.5602015"
"827";"Иркутская";"Свирск";"Ленина";"53.0842576";"103.3364192"
"828";"Иркутская";"Байкальск";"Ленина";"51.5231282";"104.1485752"
"829";"Курская";"Обоянь";"Ленина";"51.212012";"36.275425"
"830";"Московская";"Руза";"Ленина";"55.7015302";"36.1960043"
"831";"Чувашская Республика";"Цивильск";"Ленина";"55.8650132";"47.472967"
"832";"Тыва";"Ак-Довурак";"Ленина";"51.1785658";"90.5984511"
"833";"Московская";"Краснозаводск";"Ленина";"56.4408723";"38.2320671"
"834";"Ленинградская";"Шлиссельбург";"Ленина";"59.9443923";"31.0334136"
"835";"Волгоградская";"Петров Вал";"Ленина";"50.1380355";"45.2091455"
"836";"Московская";"Яхрома";"Ленина";"56.2889858";"37.4831016"
"837";"Забайкальский";"Могоча";"Ленина";"53.7362465";"119.7661232"
"838";"Саратовская";"Хвалынск";"Ленина";"52.4950057";"48.1045147"
"839";"Челябинская";"Карабаш";"Ленина";"55.4852076";"60.2358959"
"840";"Владимирская";"Камешково";"Ленина";"56.3488712";"40.9955682"
"841";"Карелия";"Кемь";"Ленина";"64.9543657";"34.5948547"
"842";"Чукотский";"Анадырь";"Ленина";"64.7314347";"177.5015752"
"843";"Алтайский";"Горняк";"Ленина";"50.9979032";"81.4643059"
"844";"Тверская";"Торопец";"Ленина";"56.5011791";"31.6354366"
"845";"Калининградская";"Зеленоградск";"Ленина";"54.9600226";"20.4753274"
"846";"Саратовская";"Аркадак";"Ленина";"51.9387813";"43.4997558"
"847";"Мурманская";"Снежногорск";"Ленина";"69.1921469";"33.2382821"
"848";"Адыгея";"Адыгейск";"Ленина";"44.8783715";"39.190172"
"849";"Красноярский";"Уяр";"Ленина";"55.8131698";"94.3282148"
"850";"Рязанская";"Кораблино";"Ленина";"53.9245422";"40.0227867"
"851";"Липецкая";"Чаплыгин";"Ленина";"53.2404794";"39.9671563"
"852";"Иркутская";"Киренск";"Ленина";"57.7757126";"108.1107766"
"853";"Саха /Якутия/";"Удачный";"Ленина";"66.4072367";"112.3061653"
"854";"Челябинская";"Юрюзань";"Ленина";"54.8546372";"58.4227116"
"855";"Забайкальский";"Балей";"Ленина";"51.5822063";"116.6380088"
"856";"Новгородская";"Окуловка";"Ленина";"58.3908717";"33.2902474"
"857";"Новгородская";"Малая Вишера";"Ленина";"58.8458076";"32.2247984"
"858";"Челябинская";"Нязепетровск";"Ленина";"56.0537199";"59.6096791"
"859";"Свердловская";"Новая Ляля";"Ленина";"59.053961";"60.5945405"
"860";"Калужская";"Сосенский";"Ленина";"54.056525";"35.9621458"
"861";"Нижегородская";"Чкаловск";"Ленина";"56.7651549";"43.2420193"
"862";"Коми";"Вуктыл";"Ленина";"63.8615209";"57.3165207"
"863";"Пермский";"Горнозаводск";"Ленина";"58.3743406";"58.3230329"
"864";"Нижегородская";"Урень";"Ленина";"57.4612547";"45.783394"
"865";"Псковская";"Печоры";"Ленина";"57.8146689";"27.6222823"
"866";"Калужская";"Боровск";"Ленина";"55.2130965";"36.4927446"
"867";"Нижегородская";"Бор";"Ленина";"56.3565179";"44.0644851"
"868";"Тверская";"Лихославль";"Ленина";"57.122256";"35.4667886"
"869";"Сахалинская";"Долинск";"Ленина";"47.3255903";"142.7945985"
"870";"Ленинградская";"Волосово";"Ленина";"59.4445107";"29.492277"
"871";"Калужская";"Жуков";"Ленина";"55.0301386";"36.7393279"
"872";"Хакасия";"Сорск";"Ленина";"54.0001451";"90.2595674"
"873";"Омская";"Называевск";"Ленина";"55.5688811";"71.3502572"
"874";"Вологодская";"Бабаево";"Ленина";"59.389309";"35.9378318"
"875";"Омская";"Тюкалинск";"Ленина";"55.8705121";"72.1956156"
"876";"Ивановская";"Заволжск";"Ленина";"57.4916546";"42.1374455"
"877";"Новосибирская";"Чулым";"Ленина";"55.0906205";"80.9592152"
"878";"Кировская";"Сосновка";"Ленина";"56.2533149";"51.2833412"
"879";"Марий Эл";"Звенигово";"Ленина";"55.9739374";"48.0170276"
"880";"Сахалинская";"Углегорск";"Ленина";"49.0816311";"142.0693033"
"881";"Владимирская";"Судогда";"Ленина";"55.949897";"40.8563392"
"882";"Свердловская";"Верхний Тагил";"Ленина";"57.3762768";"59.9516521"
"883";"Московская";"Дрезна";"Ленина";"55.7442991";"38.8499228"
"884";"Воронежская";"Богучар";"Ленина";"49.9352997";"40.5592467"
"885";"Калининградская";"Неман";"Ленина";"55.0315543";"22.0323961"
"886";"Рязанская";"Михайлов";"Ленина";"54.2296493";"39.0090857"
"887";"Сахалинская";"Невельск";"Ленина";"46.6527314";"141.8631741"
"888";"Брянская";"Сураж";"Ленина";"53.0171239";"32.3938351"
"889";"Нижегородская";"Ворсма";"Ленина";"55.9900425";"43.2719879"
"890";"Калужская";"Кременки";"Ленина";"54.8863306";"37.116878"
"891";"Псковская";"Опочка";"Ленина";"56.7107956";"28.6717455"
"892";"Татарстан";"Тетюши";"Ленина";"54.936575";"48.8314915"
"893";"Забайкальский";"Хилок";"Ленина";"51.3635236";"110.458989"
"894";"Севастополь";"Инкерман";"Ленина";"44.6135153";"33.6100739"
"895";"Карелия";"Питкяранта";"Ленина";"61.5756886";"31.4641309"
"896";"Амурская";"Завитинск";"Ленина";"50.1064678";"129.4392897"
"897";"Орловская";"Болхов";"Ленина";"53.4440204";"36.0076969"
"898";"Воронежская";"Эртиль";"Ленина";"51.831024";"40.8074054"
"899";"Астраханская";"Нариманов";"Ленина";"46.6916597";"47.8501624"
"900";"Курганская";"Петухово";"Ленина";"55.0649932";"67.8874369"
"901";"Кировская";"Луза";"Ленина";"60.6290781";"47.2612069"
"902";"Бурятия";"Закаменск";"Ленина";"50.3726774";"103.2867452"
"903";"Кировская";"Белая Холуница";"Ленина";"58.8415212";"50.8461002"
"904";"Карелия";"Беломорск";"Ленина";"64.5378468";"34.7799717"
"905";"Свердловская";"Нижние Серги";"Ленина";"56.6544606";"59.2952291"
"906";"Мурманская";"Заозерск";"Ленина";"69.4003895";"32.4502225"
"907";"Кировская";"Зуевка";"Ленина";"58.4031674";"51.1330787"
"908";"Крым";"Щелкино";"Ленина";"45.4289847";"35.8251329"
"909";"Мурманская";"Гаджиево";"Ленина";"69.2490009";"33.3152445"
"910";"Удмуртская";"Камбарка";"Ленина";"56.2659745";"54.1934153"
"911";"Калининградская";"Пионерский";"Ленина";"54.9516927";"20.227697"
"912";"Пермский";"Гремячинск";"Ленина";"58.5625603";"57.8520073"
"913";"Курганская";"Щучье";"Ленина";"55.20883";"62.7478475"
"914";"Тыва";"Шагонар";"Ленина";"51.5347357";"92.9199618"
"915";"Северная Осетия - Алания";"Дигора";"Ленина";"43.1567386";"44.1551132"
"916";"Калининградская";"Светлогорск";"Ленина";"54.9439566";"20.1514789"
"917";"Коми";"Микунь";"Ленина";"62.3580188";"50.0719738"
"918";"Смоленская";"Дорогобуж";"Ленина";"54.9137794";"33.3024596"
"919";"Красноярский";"Заозерный";"Ленина";"55.9617268";"94.7091037"
"920";"Московская";"Высоковск";"Ленина";"56.336141";"36.5251316"
"921";"Новосибирская";"Каргат";"Ленина";"55.1943829";"80.2831324"
"922";"Псковская";"Порхов";"Ленина";"57.7764223";"29.5436424"
"923";"Алтайский";"Змеиногорск";"Ленина";"51.1580235";"82.1872476"
"924";"Владимирская";"Суздаль";"Ленина";"56.4273814";"40.4525581"
"925";"Вологодская";"Вытегра";"Ленина";"61.0064157";"36.4495835"
"926";"Мурманская";"Кола";"Ленина";"68.8785079";"33.0262014"
"927";"Кировская";"Кирс";"Ленина";"59.3400586";"52.2415895"
"928";"Калужская";"Ермолино";"Ленина";"55.1972714";"36.5951966"
"929";"Чувашская Республика";"Козловка";"Ленина";"55.8406526";"48.2579372"
"930";"Новгородская";"Сольцы";"Ленина";"58.1201693";"30.309285"
"931";"Саха /Якутия/";"Вилюйск";"Ленина";"63.7517314";"121.6272754"
"932";"Кировская";"Уржум";"Ленина";"57.1097612";"50.0056278"
"933";"Ивановская";"Наволоки";"Ленина";"57.4678426";"41.9607371"
"934";"Ивановская";"Юрьевец";"Ленина";"57.3178701";"43.1110553"
"935";"Челябинская";"Миньяр";"Ленина";"55.0709601";"57.5484435"
"936";"Саха /Якутия/";"Нюрба";"Ленина";"63.2828775";"118.324325"
"937";"Архангельская";"Каргополь";"Ленина";"61.5008762";"38.9636415"
"938";"Смоленская";"Ельня";"Ленина";"54.5836832";"33.1749566"
"939";"Вологодская";"Харовск";"Ленина";"59.9477728";"40.2000794"
"940";"Дагестан";"Южно-Сухокумск";"Ленина";"44.6600972";"45.6499304"
"941";"Смоленская";"Рудня";"Ленина";"54.9441357";"31.0794758"
"942";"Тверская";"Кувшиново";"Ленина";"57.0263733";"34.1676435"
"943";"Свердловская";"Волчанск";"Ленина";"59.9350515";"60.0797964"
"944";"Нижегородская";"Володарск";"Ленина";"56.2168974";"43.1597623"
"945";"Костромская";"Нея";"Ленина";"58.2944499";"43.8780965"
"946";"Ленинградская";"Ивангород";"Ленина";"59.3765845";"28.2230504"
"947";"Вологодская";"Тотьма";"Ленина";"59.9735051";"42.7589701"
"948";"Карелия";"Суоярви";"Ленина";"62.0787769";"32.3499029"
"949";"Карелия";"Пудож";"Ленина";"61.8059147";"36.5330088"
"950";"Липецкая";"Задонск";"Ленина";"52.4004611";"38.9205772"
"951";"Калужская";"Таруса";"Ленина";"54.7236791";"37.1670866"
"952";"Тульская";"Болохово";"Ленина";"54.0820644";"37.826844"
"953";"Вологодская";"Белозерск";"Ленина";"60.0307914";"37.7891123"
"954";"Чувашская Республика";"Ядрин";"Ленина";"55.9406826";"46.2020765"
"955";"Калмыкия";"Городовиковск";"Ленина";"46.0875351";"41.9354039"
"956";"Амурская";"Сковородино";"Ленина";"53.9871004";"123.943729"
"957";"Кировская";"Нолинск";"Ленина";"57.5596946";"49.9357867"
"958";"Саха /Якутия/";"Покровск";"Ленина";"61.4843538";"129.1482195"
"959";"Саха /Якутия/";"Олекминск";"Ленина";"60.3758203";"120.406013"
"960";"Крым";"Старый Крым";"Ленина";"45.0290659";"35.0900885"
"961";"Вологодская";"Устюжна";"Ленина";"58.8383671";"36.4425046"
"962";"Свердловская";"Верхняя Тура";"Ленина";"58.3643839";"59.8266854"
"963";"Челябинская";"Верхнеуральск";"Ленина";"53.8760587";"59.2169071"
"964";"Мордовия";"Ардатов";"Ленина";"54.8465693";"46.2412736"
"965";"Еврейская";"Облучье";"Ленина";"49.0188344";"131.0539984"
"966";"Тверская";"Западная Двина";"Ленина";"56.2568002";"32.0805972"
"967";"Волгоградская";"Серафимович";"Ленина";"49.566286";"42.7360013"
"968";"Нижегородская";"Перевоз";"Ленина";"55.596904";"44.5450268"
"969";"Владимирская";"Костерево";"Ленина";"55.9336424";"39.624822"
"970";"Карачаево-Черкесская";"Теберда";"Ленина";"43.4438408";"41.7414924"
"971";"Псковская";"Дно";"Ленина";"57.8269802";"29.9629569"
"972";"Карелия";"Олонец";"Ленина";"60.9793604";"32.9726031"
"973";"Тыва";"Чадан";"Ленина";"51.2844482";"91.5789135"
"974";"Иркутская";"Бирюсинск";"Ленина";"55.9608611";"97.8203624"
"975";"Нижегородская";"Ветлуга";"Ленина";"57.8558395";"45.7762692"
"976";"Ленинградская";"Новая Ладога";"Ленина";"60.1100013";"32.3141446"
"977";"Свердловская";"Верхотурье";"Ленина";"58.8621145";"60.8104543"
"978";"Смоленская";"Починок";"Ленина";"54.4063031";"32.4397914"
"979";"Тульская";"Липки";"Ленина";"53.9418109";"37.7019452"
"980";"Ивановская";"Комсомольск";"Ленина";"57.0273907";"40.3775952"
"981";"Мордовия";"Инсар";"Ленина";"53.8770384";"44.3696866"
"982";"Татарстан";"Болгар";"Ленина";"54.9748862";"49.0302977"
"983";"Тверская";"Старица";"Ленина";"56.514955";"34.9335145"
"984";"Ивановская";"Пучеж";"Ленина";"56.982075";"43.1683878"
"985";"Пензенская";"Белинский";"Ленина";"52.9641169";"43.4185003"
"986";"Сахалинская";"Анива";"Ленина";"46.7132526";"142.5265052"
"987";"Калужская";"Белоусово";"Ленина";"55.0957679";"36.6777239"
"988";"Курганская";"Макушино";"Ленина";"55.2154025";"67.2452558"
"989";"Калужская";"Медынь";"Ленина";"54.9690755";"35.887313"
"990";"Тверская";"Андреаполь";"Ленина";"56.6507072";"32.2621196"
"991";"Кировская";"Малмыж";"Ленина";"56.5243722";"50.6782757"
"992";"Кемеровская";"Салаир";"Ленина";"54.2351588";"85.8029215"
"993";"Псковская";"Новосокольники";"Ленина";"56.3407627";"30.1527712"
"994";"Смоленская";"Сычевка";"Ленина";"55.8307397";"34.277868"
"995";"Пензенская";"Городище";"Ленина";"53.2727888";"45.702731"
"996";"Саха /Якутия/";"Томмот";"Ленина";"58.9586939";"126.2875375"
"997";"Брянская";"Мглин";"Ленина";"53.0600644";"32.8467217"
"998";"Белгородская";"Бирюч";"Ленина";"50.6483899";"38.4006203"
"999";"Карелия";"Лахденпохья";"Ленина";"61.5189466";"30.199592"
"1000";"Калининградская";"Мамоново";"Ленина";"54.4645591";"19.9454114"
"1001";"Рязанская";"Спасск-Рязанский";"Ленина";"54.4071497";"40.3764367"
"1002";"Вологодская";"Кириллов";"Ленина";"59.8590353";"38.3749854"
"1003";"Татарстан";"Лаишево";"Ленина";"55.4042646";"49.5498201"
"1004";"Курская";"Дмитриев";"Ленина";"52.1269291";"35.0739504"
"1005";"Смоленская";"Велиж";"Ленина";"55.6058845";"31.1857376"
"1006";"Калининградская";"Полесск";"Ленина";"54.8626321";"21.0998148"
"1007";"Пензенская";"Спасск";"Ленина";"53.927163";"43.1860475"
"1008";"Смоленская";"Демидов";"Ленина";"55.2682611";"31.5062078"
"1009";"Тверская";"Весьегонск";"Ленина";"58.6584004";"37.2568605"
"1010";"Брянская";"Севск";"Ленина";"52.1484215";"34.4918198"
"1011";"Мордовия";"Темников";"Ленина";"54.6309086";"43.2161785"
"1012";"Костромская";"Макарьев";"Ленина";"57.8808916";"43.8014428"
"1013";"Калужская";"Юхнов";"Ленина";"54.7445873";"35.2424857"
"1014";"Пензенская";"Сурск";"Ленина";"53.0760597";"45.6911897"
"1015";"Вологодская";"Красавино";"Ленина";"60.9613991";"46.481465"
"1016";"Кировская";"Орлов";"Ленина";"58.5389402";"48.8929268"
"1017";"Ульяновская";"Сенгилей";"Ленина";"53.9590553";"48.7767869"
"1018";"Тверская";"Зубцов";"Ленина";"56.1760709";"34.5825504"
"1019";"Забайкальский";"Сретенск";"Ленина";"52.2462356";"117.7116971"
"1020";"Воронежская";"Новохоперск";"Ленина";"51.0953461";"41.6173714"
"1021";"Владимирская";"Курлово";"Ленина";"55.4525994";"40.6124362"
"1022";"Сахалинская";"Макаров";"Ленина";"48.6236287";"142.7803508"
"1023";"Ленинградская";"Каменногорск";"Ленина";"60.9508768";"29.1308061"
"1024";"Кировская";"Мураши";"Ленина";"59.3956347";"48.9637651"
"1025";"Иркутская";"Алзамай";"Ленина";"55.5550493";"98.6644106"
"1026";"Нижегородская";"Княгинино";"Ленина";"55.8205157";"45.0322947"
"1027";"Рязанская";"Шацк";"Ленина";"54.0288845";"41.7182108"
"1028";"Костромская";"Солигалич";"Ленина";"59.0786729";"42.2877245"
"1029";"Ивановская";"Гаврилов Посад";"Ленина";"56.5585967";"40.1228288"
"1030";"Калининградская";"Багратионовск";"Ленина";"54.3866976";"20.6418545"
"1031";"Псковская";"Себеж";"Ленина";"56.2907663";"28.4725735"
"1032";"Белгородская";"Грайворон";"Ленина";"50.4862699";"35.6662957"
"1033";"Амурская";"Циолковский";"Ленина";"51.7624346";"128.121972"
"1034";"Красноярский";"Игарка";"Ленина";"67.4667947";"86.5814287"
"1035";"Ленинградская";"Приморск";"Ленина";"60.3660787";"28.6135962"
"1036";"Ярославская";"Пошехонье";"Ленина";"58.506328";"39.1210034"
"1037";"Саратовская";"Шиханы";"Ленина";"52.1148241";"47.2022928"
"1038";"Курская";"Суджа";"Ленина";"51.1919711";"35.2719619"
"1039";"Орловская";"Дмитровск";"Ленина";"52.5053481";"35.141535"
"1040";"Ярославская";"Мышкин";"Ленина";"57.7881664";"38.4542816"
"1041";"Рязанская";"Спас-Клепики";"Ленина";"55.1291472";"40.1745036"
"1042";"Белгородская";"Короча";"Ленина";"50.8130123";"37.1896543"
"1043";"Магаданская";"Сусуман";"Ленина";"62.7804628";"148.154033"
"1044";"Псковская";"Пыталово";"Ленина";"57.0637109";"27.9234759"
"1045";"Архангельская";"Шенкурск";"Ленина";"62.1057423";"42.89959"
"1046";"Пермский";"Усолье";"Ленина";"59.4279356";"56.6837783"
"1047";"Тверская";"Красный Холм";"Ленина";"58.0570193";"37.1125975"
"1048";"Калужская";"Жиздра";"Ленина";"53.7522384";"34.7386719"
"1049";"Ярославская";"Любим";"Ленина";"58.3619868";"40.6869581"
"1050";"Брянская";"Злынка";"Ленина";"52.4265906";"31.7360386"
"1051";"Чукотский";"Билибино";"Ленина";"68.0585533";"166.4388451"
"1052";"Курская";"Фатеж";"Ленина";"52.0918591";"35.8538912"
"1053";"Московская";"Верея";"Ленина";"55.3674668";"36.1563083"
"1054";"Костромская";"Чухлома";"Ленина";"58.7534246";"42.6883783"
"1055";"Тыва";"Туран";"Ленина";"52.144932";"93.9172495"
"1056";"Пермский";"Чердынь";"Ленина";"60.4011184";"56.4801391"
"1057";"Калужская";"Спас-Деменск";"Ленина";"54.4099201";"34.0190263"
"1058";"Вологодская";"Кадников";"Ленина";"59.5037947";"40.3440473"
"1059";"Псковская";"Пустошка";"Ленина";"56.3375131";"29.3668243"
"1060";"Калининградская";"Славск";"Ленина";"55.0451054";"21.6742294"
"1061";"Калининградская";"Нестеров";"Ленина";"54.6314454";"22.5713658"
"1062";"Бурятия";"Бабушкин";"Ленина";"51.7113066";"105.8673633"
"1063";"Сахалинская";"Томари";"Ленина";"47.7619957";"142.061508"
"1064";"Псковская";"Гдов";"Ленина";"58.7432585";"27.8263328"
"1065";"Смоленская";"Духовщина";"Ленина";"55.1950509";"32.4012351"
"1066";"Калининградская";"Правдинск";"Ленина";"54.4430604";"21.0083638"
"1067";"Калужская";"Мосальск";"Ленина";"54.4825589";"34.987206"
"1068";"Ленинградская";"Любань";"Ленина";"59.3492573";"31.2485276"
"1069";"Чукотский";"Певек";"Ленина";"69.7018051";"170.2999194"
"1070";"Калужская";"Мещовск";"Ленина";"54.3191127";"35.2816065"
"1071";"Пермский";"Чермоз";"Ленина";"58.7842527";"56.1507562"
"1072";"Орловская";"Малоархангельск";"Ленина";"52.4001151";"36.5037931"
"1073";"Новгородская";"Холм";"Ленина";"57.1451036";"31.1787812"
"1074";"Орловская";"Новосиль";"Ленина";"52.9747225";"37.0438402"
"1075";"Калининградская";"Ладушкин";"Ленина";"54.5693538";"20.1691909"
"1076";"Тверская";"Белый";"Ленина";"55.8337663";"32.9388976"
"1077";"Псковская";"Новоржев";"Ленина";"57.0298332";"29.343333"
"1078";"Архангельская";"Мезень";"Ленина";"65.8398386";"44.2531865"
"1079";"Саха /Якутия/";"Среднеколымск";"Ленина";"67.4581664";"153.7069511"
"1080";"Костромская";"Кологрив";"Ленина";"58.826988";"44.3185323"
"1081";"Ингушетия";"Магас";"Ленина";"43.1686967";"44.8130849"
"1082";"Архангельская";"Сольвычегодск";"Ленина";"61.3318091";"46.920351"
"1083";"Томская";"Кедровый";"Ленина";"57.5618465";"79.5678914"
"1084";"Сахалинская";"Северо-Курильск";"Ленина";"50.6731056";"156.1280722"
"1085";"Ивановская";"Плес";"Ленина";"57.4605304";"41.512301"
"1086";"Нижегородская";"Горбатов";"Ленина";"56.1307901";"43.0626829"
"1087";"Красноярский";"Артемовск";"Ленина";"54.3472901";"93.4356543"
"1088";"Сахалинская";"Курильск";"Ленина";"45.2271915";"147.8796713"
"1089";"Саха /Якутия/";"Верхоянск";"Ленина";"67.5500865";"133.3907829"
"1090";"Ленинградская";"Высоцк";"Ленина";"60.6296511";"28.5709914"
"1091";"Тульская";"Чекалин";"Ленина";"54.0985105";"36.2474377"
"1092";"Татарстан";"Иннополис";"Ленина";"55.7521544";"48.7446161"
"1093";"Московская";"Лешково";"Ленина";"55.8151166";"37.1051354"
"1094";"Московская";"Быково";"Ленина";"55.6180466";"38.0787654000001"
"1095";"Московская";"Щербинка";"Ленина";"55.4998392";"37.5630568"
"1096";"Московская";"Железнодорожный";"Ленина";"55.745978";"37.960013"
"1097";"Московская";"Котельники";"Ленина";"55.6578023";"37.8593209000001"
"1098";"Ленинградская";"Ям-Ижора";"Ленина";"59.7016196";"30.5922869999999"
"1099";"Пермский";"Полазна";"Ленина";"58.2864952";"56.4054854999999"
"1100";"Московская";"Томилино";"Ленина";"55.6637047";"37.9639216"
"1101";"Ленинградская";"Малое Карлино";"Ленина";"59.7228078";"30.2619056"
"1102";"Ленинградская";"Кузьмоловский";"Ленина";"60.1047163";"30.4809875"
"1103";"Московская";"Старый Городок";"Ленина";"55.6020429";"36.6931298"
"1104";"Ленинградская";"Лахтинский";"Ленина";"59.9888478";"30.1757521"
"1105";"Московская";"Игнатьево";"Ленина";"56.4069277";"38.2139737"
"1106";"Омская";"г. ОМСК, пр-кт Космический, 109 к.1";NA;"54.987916";"73.481867"
"1107";"Ленинградская";"190000, Российская Федерация, Санкт-Петербург г, Мурманское шоссе, 12й км";NA;"59.887042";"30.503957"
"1108";"Московская";"Московская обл., Домодедовский р-н, с. Ям, ул. Брестская, стр. 3. (произв. территория Наяда)";"Московская обл., Домодедовский р-н, с. Ям, ул. Брестская, стр. 3. (произв. территория Наяда)";"55.483301";"37.754538"
"1109";"Московская";"Московская обл., Домодедовский р-н, с. Ям, ул. Брестская, стр. 3. (произв. территория Наяда)";"Московская обл., Домодедовский р-н, с. Ям, ул. Брестская, стр. 3. (произв. территория Наяда)";"55.483301";"37.754538"
"1110";"Московская";"Московская обл., Домодедовский р-н, с. Ям, ул. Брестская, стр. 3. (произв. территория Наяда)";"Московская обл., Домодедовский р-н, с. Ям, ул. Брестская, стр. 3. (произв. территория Наяда)";"55.483301";"37.754538"
"1111";"Камчатский";"683000, г.Петропавловск - Камчатский , ул.Морская 38";"683000, г.Петропавловск - Камчатский , ул.Морская 38";"53.008002";"158.661398"
"1112";"Бурятия";"671353, РФ, Республика Бурятия,Мухоршибирскийр-н,пос.Саган-Нур, Ул. Трактовая д. 1";"671353, РФ, Республика Бурятия,Мухоршибирскийр-н,пос.Саган-Нур, Ул. Трактовая д. 1";"51.340040";"108.423124"
"1113";"Камчатский";"г. Минск";"г. Минск";"53.902496";"27.561481"
"1114";"Бурятия";"г. Минск, пр. Победителей д. 9";"г. Минск, пр. Победителей д. 9";"53.908554";"27.548599"
"1115";"Ленинградск";"Бугровская волость, массив Ольгино, уч.27";"Бугровская волость, массив Ольгино, уч.27";"60.092779";"30.389440"
"1116";"Московская";"143030, Московская  обл., Одинцовский р-н,1-й км, Рублево -Успенское шоссе здание 6, 5-этаж";"143030, Московская  обл., Одинцовский р-н,1-й км, Рублево -Успенское шоссе здание 6, 5-этаж";"55.641737";"36.900798"
"1117";"Московская";"143079, Моск. Обл., Одинцовский р-н, Старый городок, ул. Почтовая, д. 10";"143079, Моск. Обл., Одинцовский р-н, Старый городок, ул. Почтовая, д. 10";"55.602947";"36.692029"
